2025-03-20 05:26:43,170 - main - INFO - Starting Ages of Arda ePub processing
2025-03-20 05:26:43,170 - main - INFO - Ensured directory exists: processing\temp
2025-03-20 05:26:43,171 - main - INFO - Ensured directory exists: processing\output
2025-03-20 05:26:43,171 - main - INFO - Ensured directory exists: processing\logs
2025-03-20 05:26:43,172 - main - INFO - Ensured directory exists: processing\epub_content
2025-03-20 05:26:43,173 - main - INFO - Ensured directory exists: processing\json_output
2025-03-20 05:26:43,173 - main - INFO - Ensured directory exists: processing\schemas
2025-03-20 05:26:43,174 - main - INFO - Ensured directory exists: processing\checkpoints
2025-03-20 05:26:43,174 - main - INFO - Ensured directory exists: processing\consolidated
2025-03-20 05:26:43,174 - main - INFO - Cleaning output directories
2025-03-20 05:26:43,175 - main - INFO - Processing ePubs from raw_inputs/New Files
2025-03-20 05:26:43,175 - checkpoint_manager - WARNING - No latest checkpoint found for epub_processing
2025-03-20 05:26:43,176 - epub_processor - INFO - Found 3 ePub files in raw_inputs\New Files
2025-03-20 05:26:43,177 - epub_processor - INFO - Processing The Hobbit by J.R.R. Tolkien.epub
2025-03-20 05:26:43,177 - epub_processor - INFO - Identified The Hobbit by J.R.R. Tolkien.epub as The Hobbit (Third Age)
2025-03-20 05:26:43,243 - epub_processor - INFO - Extracted The Hobbit by J.R.R. Tolkien.epub to processing\temp\hobbit
2025-03-20 05:26:43,266 - epub_processor - INFO - Found 32 content files in The Hobbit by J.R.R. Tolkien.epub
2025-03-20 05:26:43,336 - epub_processor - INFO - Extracted chapter: THE HOBBIT
2025-03-20 05:26:43,361 - epub_processor - INFO - Extracted chapter: Chapter 2
2025-03-20 05:26:43,381 - epub_processor - INFO - Extracted chapter: Chapter 3
2025-03-20 05:26:43,402 - epub_processor - INFO - Extracted chapter: ILLUSTRATIONS
2025-03-20 05:26:43,423 - epub_processor - INFO - Extracted chapter: NOTE ON THE TEXT
2025-03-20 05:26:43,454 - epub_processor - INFO - Extracted chapter: Chapter 6
2025-03-20 05:26:43,473 - epub_processor - INFO - Extracted chapter: Chapter I
2025-03-20 05:26:43,494 - epub_processor - INFO - Extracted chapter: Chapter II
2025-03-20 05:26:43,510 - epub_processor - INFO - Extracted chapter: Chapter III
2025-03-20 05:26:43,530 - epub_processor - INFO - Extracted chapter: Chapter IV
2025-03-20 05:26:43,548 - epub_processor - INFO - Extracted chapter: Chapter V
2025-03-20 05:26:43,567 - epub_processor - INFO - Extracted chapter: Chapter VI
2025-03-20 05:26:43,593 - epub_processor - INFO - Extracted chapter: Chapter VII
2025-03-20 05:26:43,613 - epub_processor - INFO - Extracted chapter: Chapter VIII
2025-03-20 05:26:43,640 - epub_processor - INFO - Extracted chapter: Chapter IX
2025-03-20 05:26:43,661 - epub_processor - INFO - Extracted chapter: Chapter X
2025-03-20 05:26:43,687 - epub_processor - INFO - Extracted chapter: Chapter XI
2025-03-20 05:26:43,709 - epub_processor - INFO - Extracted chapter: Chapter XII
2025-03-20 05:26:43,731 - epub_processor - INFO - Extracted chapter: Chapter XIII
2025-03-20 05:26:43,755 - epub_processor - INFO - Extracted chapter: Chapter XIV
2025-03-20 05:26:43,774 - epub_processor - INFO - Extracted chapter: Chapter XV
2025-03-20 05:26:43,795 - epub_processor - INFO - Extracted chapter: Chapter XVI
2025-03-20 05:26:43,819 - epub_processor - INFO - Extracted chapter: Chapter XVII
2025-03-20 05:26:43,844 - epub_processor - INFO - Extracted chapter: Chapter XVIII
2025-03-20 05:26:43,865 - epub_processor - INFO - Extracted chapter: Chapter XIX
2025-03-20 05:26:43,883 - epub_processor - INFO - Extracted chapter: Chapter 26
2025-03-20 05:26:43,900 - epub_processor - INFO - Extracted chapter: COPYRIGHT
2025-03-20 05:26:43,921 - epub_processor - INFO - Extracted chapter: Chapter 28
2025-03-20 05:26:43,937 - epub_processor - INFO - Extracted chapter: Chapter 29
2025-03-20 05:26:43,967 - epub_processor - INFO - Saved 29 chapters for hobbit to processing\epub_content\hobbit
2025-03-20 05:26:43,968 - epub_processor - INFO - Processing The Lord of the Rings by J.R.R. Tolkien.epub
2025-03-20 05:26:43,968 - epub_processor - INFO - Identified The Lord of the Rings by J.R.R. Tolkien.epub as The Lord of the Rings (Third Age)
2025-03-20 05:26:44,504 - epub_processor - INFO - Extracted The Lord of the Rings by J.R.R. Tolkien.epub to processing\temp\lotr
2025-03-20 05:26:44,541 - epub_processor - INFO - Found 1196 content files in The Lord of the Rings by J.R.R. Tolkien.epub
2025-03-20 05:26:44,589 - epub_processor - INFO - Extracted chapter: Chapter 1
2025-03-20 05:26:44,619 - epub_processor - INFO - Extracted chapter: Chapter 2
2025-03-20 05:26:44,641 - epub_processor - INFO - Extracted chapter: Chapter 3
2025-03-20 05:26:44,661 - epub_processor - INFO - Extracted chapter: Chapter 4
2025-03-20 05:26:44,684 - epub_processor - INFO - Extracted chapter: Chapter 5
2025-03-20 05:26:44,707 - epub_processor - INFO - Extracted chapter: Chapter 6
2025-03-20 05:26:44,742 - epub_processor - INFO - Extracted chapter: Chapter 7
2025-03-20 05:26:44,761 - epub_processor - INFO - Extracted chapter: Chapter 8
2025-03-20 05:26:44,787 - epub_processor - INFO - Extracted chapter: Chapter 9
2025-03-20 05:26:44,806 - epub_processor - INFO - Extracted chapter: Chapter 10
2025-03-20 05:26:44,822 - epub_processor - INFO - Extracted chapter: Chapter 11
2025-03-20 05:26:44,837 - epub_processor - INFO - Extracted chapter: Chapter 12
2025-03-20 05:26:44,854 - epub_processor - INFO - Extracted chapter: Chapter 13
2025-03-20 05:26:44,878 - epub_processor - INFO - Extracted chapter: Chapter 14
2025-03-20 05:26:44,903 - epub_processor - INFO - Extracted chapter: Chapter 15
2025-03-20 05:26:44,921 - epub_processor - INFO - Extracted chapter: Chapter 16
2025-03-20 05:26:44,945 - epub_processor - INFO - Extracted chapter: Chapter 17
2025-03-20 05:26:44,965 - epub_processor - INFO - Extracted chapter: Chapter 18
2025-03-20 05:26:44,982 - epub_processor - INFO - Extracted chapter: Chapter 19
2025-03-20 05:26:44,999 - epub_processor - INFO - Extracted chapter: Chapter 20
2025-03-20 05:26:45,018 - epub_processor - INFO - Extracted chapter: Chapter 21
2025-03-20 05:26:45,038 - epub_processor - INFO - Extracted chapter: Chapter 22
2025-03-20 05:26:45,057 - epub_processor - INFO - Extracted chapter: Chapter 23
2025-03-20 05:26:45,080 - epub_processor - INFO - Extracted chapter: Chapter 24
2025-03-20 05:26:45,098 - epub_processor - INFO - Extracted chapter: Chapter 25
2025-03-20 05:26:45,116 - epub_processor - INFO - Extracted chapter: Chapter 26
2025-03-20 05:26:45,139 - epub_processor - INFO - Extracted chapter: Chapter 27
2025-03-20 05:26:45,155 - epub_processor - INFO - Extracted chapter: Chapter 28
2025-03-20 05:26:45,175 - epub_processor - INFO - Extracted chapter: Chapter 29
2025-03-20 05:26:45,190 - epub_processor - INFO - Extracted chapter: Chapter 30
2025-03-20 05:26:45,212 - epub_processor - INFO - Extracted chapter: Chapter 31
2025-03-20 05:26:45,228 - epub_processor - INFO - Extracted chapter: Chapter 32
2025-03-20 05:26:45,248 - epub_processor - INFO - Extracted chapter: Chapter 33
2025-03-20 05:26:45,265 - epub_processor - INFO - Extracted chapter: Chapter 34
2025-03-20 05:26:45,289 - epub_processor - INFO - Extracted chapter: Chapter 35
2025-03-20 05:26:45,305 - epub_processor - INFO - Extracted chapter: Chapter 36
2025-03-20 05:26:45,318 - epub_processor - INFO - Extracted chapter: Chapter 37
2025-03-20 05:26:45,330 - epub_processor - INFO - Extracted chapter: Chapter 38
2025-03-20 05:26:45,348 - epub_processor - INFO - Extracted chapter: Chapter 39
2025-03-20 05:26:45,363 - epub_processor - INFO - Extracted chapter: Chapter 40
2025-03-20 05:26:45,380 - epub_processor - INFO - Extracted chapter: Chapter 41
2025-03-20 05:26:45,396 - epub_processor - INFO - Extracted chapter: Chapter 42
2025-03-20 05:26:45,412 - epub_processor - INFO - Extracted chapter: Chapter 43
2025-03-20 05:26:45,435 - epub_processor - INFO - Extracted chapter: Chapter 44
2025-03-20 05:26:45,457 - epub_processor - INFO - Extracted chapter: Chapter 45
2025-03-20 05:26:45,474 - epub_processor - INFO - Extracted chapter: Chapter 46
2025-03-20 05:26:45,490 - epub_processor - INFO - Extracted chapter: Chapter 47
2025-03-20 05:26:45,512 - epub_processor - INFO - Extracted chapter: Chapter 48
2025-03-20 05:26:45,529 - epub_processor - INFO - Extracted chapter: Chapter 49
2025-03-20 05:26:45,555 - epub_processor - INFO - Extracted chapter: Chapter 50
2025-03-20 05:26:45,573 - epub_processor - INFO - Extracted chapter: Chapter 51
2025-03-20 05:26:45,593 - epub_processor - INFO - Extracted chapter: Chapter 52
2025-03-20 05:26:45,617 - epub_processor - INFO - Extracted chapter: Chapter 53
2025-03-20 05:26:45,632 - epub_processor - INFO - Extracted chapter: Chapter 54
2025-03-20 05:26:45,652 - epub_processor - INFO - Extracted chapter: Chapter 55
2025-03-20 05:26:45,672 - epub_processor - INFO - Extracted chapter: Chapter 56
2025-03-20 05:26:45,691 - epub_processor - INFO - Extracted chapter: Chapter 57
2025-03-20 05:26:45,713 - epub_processor - INFO - Extracted chapter: Chapter 58
2025-03-20 05:26:45,734 - epub_processor - INFO - Extracted chapter: Chapter 59
2025-03-20 05:26:45,750 - epub_processor - INFO - Extracted chapter: Chapter 60
2025-03-20 05:26:45,769 - epub_processor - INFO - Extracted chapter: Chapter 61
2025-03-20 05:26:45,793 - epub_processor - INFO - Extracted chapter: Chapter 62
2025-03-20 05:26:45,816 - epub_processor - INFO - Extracted chapter: Chapter 63
2025-03-20 05:26:45,835 - epub_processor - INFO - Extracted chapter: Chapter 64
2025-03-20 05:26:45,858 - epub_processor - INFO - Extracted chapter: Chapter 65
2025-03-20 05:26:45,874 - epub_processor - INFO - Extracted chapter: Chapter 66
2025-03-20 05:26:45,898 - epub_processor - INFO - Extracted chapter: Chapter 67
2025-03-20 05:26:45,919 - epub_processor - INFO - Extracted chapter: Chapter 68
2025-03-20 05:26:45,936 - epub_processor - INFO - Extracted chapter: Chapter 69
2025-03-20 05:26:45,956 - epub_processor - INFO - Extracted chapter: Chapter 70
2025-03-20 05:26:45,979 - epub_processor - INFO - Extracted chapter: Chapter 71
2025-03-20 05:26:46,000 - epub_processor - INFO - Extracted chapter: Chapter 72
2025-03-20 05:26:46,023 - epub_processor - INFO - Extracted chapter: Chapter 73
2025-03-20 05:26:46,042 - epub_processor - INFO - Extracted chapter: Chapter 74
2025-03-20 05:26:46,060 - epub_processor - INFO - Extracted chapter: Chapter 75
2025-03-20 05:26:46,081 - epub_processor - INFO - Extracted chapter: Chapter 76
2025-03-20 05:26:46,104 - epub_processor - INFO - Extracted chapter: Chapter 77
2025-03-20 05:26:46,129 - epub_processor - INFO - Extracted chapter: Chapter 78
2025-03-20 05:26:46,147 - epub_processor - INFO - Extracted chapter: Chapter 79
2025-03-20 05:26:46,169 - epub_processor - INFO - Extracted chapter: Chapter 80
2025-03-20 05:26:46,194 - epub_processor - INFO - Extracted chapter: Chapter 81
2025-03-20 05:26:46,210 - epub_processor - INFO - Extracted chapter: Chapter 82
2025-03-20 05:26:46,229 - epub_processor - INFO - Extracted chapter: Chapter 83
2025-03-20 05:26:46,246 - epub_processor - INFO - Extracted chapter: Chapter 84
2025-03-20 05:26:46,266 - epub_processor - INFO - Extracted chapter: Chapter 85
2025-03-20 05:26:46,290 - epub_processor - INFO - Extracted chapter: Chapter 86
2025-03-20 05:26:46,315 - epub_processor - INFO - Extracted chapter: Chapter 87
2025-03-20 05:26:46,335 - epub_processor - INFO - Extracted chapter: Chapter 88
2025-03-20 05:26:46,359 - epub_processor - INFO - Extracted chapter: Chapter 89
2025-03-20 05:26:46,376 - epub_processor - INFO - Extracted chapter: Chapter 90
2025-03-20 05:26:46,401 - epub_processor - INFO - Extracted chapter: Chapter 91
2025-03-20 05:26:46,417 - epub_processor - INFO - Extracted chapter: Chapter 92
2025-03-20 05:26:46,435 - epub_processor - INFO - Extracted chapter: Chapter 93
2025-03-20 05:26:46,459 - epub_processor - INFO - Extracted chapter: Chapter 94
2025-03-20 05:26:46,474 - epub_processor - INFO - Extracted chapter: Chapter 95
2025-03-20 05:26:46,489 - epub_processor - INFO - Extracted chapter: Chapter 96
2025-03-20 05:26:46,505 - epub_processor - INFO - Extracted chapter: Chapter 97
2025-03-20 05:26:46,523 - epub_processor - INFO - Extracted chapter: Chapter 98
2025-03-20 05:26:46,540 - epub_processor - INFO - Extracted chapter: Chapter 99
2025-03-20 05:26:46,563 - epub_processor - INFO - Extracted chapter: Chapter 100
2025-03-20 05:26:46,578 - epub_processor - INFO - Extracted chapter: Chapter 101
2025-03-20 05:26:46,600 - epub_processor - INFO - Extracted chapter: Chapter 102
2025-03-20 05:26:46,616 - epub_processor - INFO - Extracted chapter: Chapter 103
2025-03-20 05:26:46,635 - epub_processor - INFO - Extracted chapter: Chapter 104
2025-03-20 05:26:46,651 - epub_processor - INFO - Extracted chapter: Chapter 105
2025-03-20 05:26:46,675 - epub_processor - INFO - Extracted chapter: Chapter 106
2025-03-20 05:26:46,697 - epub_processor - INFO - Extracted chapter: Chapter 107
2025-03-20 05:26:46,717 - epub_processor - INFO - Extracted chapter: Chapter 108
2025-03-20 05:26:46,734 - epub_processor - INFO - Extracted chapter: Chapter 109
2025-03-20 05:26:46,750 - epub_processor - INFO - Extracted chapter: Chapter 110
2025-03-20 05:26:46,766 - epub_processor - INFO - Extracted chapter: Chapter 111
2025-03-20 05:26:46,783 - epub_processor - INFO - Extracted chapter: Chapter 112
2025-03-20 05:26:46,811 - epub_processor - INFO - Extracted chapter: Chapter 113
2025-03-20 05:26:46,829 - epub_processor - INFO - Extracted chapter: Chapter 114
2025-03-20 05:26:46,850 - epub_processor - INFO - Extracted chapter: Chapter 115
2025-03-20 05:26:46,868 - epub_processor - INFO - Extracted chapter: Chapter 116
2025-03-20 05:26:46,884 - epub_processor - INFO - Extracted chapter: Chapter 117
2025-03-20 05:26:46,911 - epub_processor - INFO - Extracted chapter: Chapter 118
2025-03-20 05:26:46,938 - epub_processor - INFO - Extracted chapter: Chapter 119
2025-03-20 05:26:46,961 - epub_processor - INFO - Extracted chapter: Chapter 120
2025-03-20 05:26:46,984 - epub_processor - INFO - Extracted chapter: Chapter 121
2025-03-20 05:26:47,002 - epub_processor - INFO - Extracted chapter: Chapter 122
2025-03-20 05:26:47,026 - epub_processor - INFO - Extracted chapter: Chapter 123
2025-03-20 05:26:47,043 - epub_processor - INFO - Extracted chapter: Chapter 124
2025-03-20 05:26:47,062 - epub_processor - INFO - Extracted chapter: Chapter 125
2025-03-20 05:26:47,077 - epub_processor - INFO - Extracted chapter: Chapter 126
2025-03-20 05:26:47,101 - epub_processor - INFO - Extracted chapter: Chapter 127
2025-03-20 05:26:47,120 - epub_processor - INFO - Extracted chapter: Chapter 128
2025-03-20 05:26:47,137 - epub_processor - INFO - Extracted chapter: Chapter 129
2025-03-20 05:26:47,155 - epub_processor - INFO - Extracted chapter: Chapter 130
2025-03-20 05:26:47,172 - epub_processor - INFO - Extracted chapter: Chapter 131
2025-03-20 05:26:47,194 - epub_processor - INFO - Extracted chapter: Chapter 132
2025-03-20 05:26:47,212 - epub_processor - INFO - Extracted chapter: Chapter 133
2025-03-20 05:26:47,230 - epub_processor - INFO - Extracted chapter: Chapter 134
2025-03-20 05:26:47,251 - epub_processor - INFO - Extracted chapter: Chapter 135
2025-03-20 05:26:47,268 - epub_processor - INFO - Extracted chapter: Chapter 136
2025-03-20 05:26:47,291 - epub_processor - INFO - Extracted chapter: Chapter 137
2025-03-20 05:26:47,310 - epub_processor - INFO - Extracted chapter: Chapter 138
2025-03-20 05:26:47,332 - epub_processor - INFO - Extracted chapter: Chapter 139
2025-03-20 05:26:47,350 - epub_processor - INFO - Extracted chapter: Chapter 140
2025-03-20 05:26:47,371 - epub_processor - INFO - Extracted chapter: Chapter 141
2025-03-20 05:26:47,388 - epub_processor - INFO - Extracted chapter: Chapter 142
2025-03-20 05:26:47,409 - epub_processor - INFO - Extracted chapter: Chapter 143
2025-03-20 05:26:47,427 - epub_processor - INFO - Extracted chapter: Chapter 144
2025-03-20 05:26:47,440 - epub_processor - INFO - Extracted chapter: Chapter 145
2025-03-20 05:26:47,457 - epub_processor - INFO - Extracted chapter: Chapter 146
2025-03-20 05:26:47,474 - epub_processor - INFO - Extracted chapter: Chapter 147
2025-03-20 05:26:47,491 - epub_processor - INFO - Extracted chapter: Chapter 148
2025-03-20 05:26:47,517 - epub_processor - INFO - Extracted chapter: Chapter 149
2025-03-20 05:26:47,535 - epub_processor - INFO - Extracted chapter: Chapter 150
2025-03-20 05:26:47,559 - epub_processor - INFO - Extracted chapter: Chapter 151
2025-03-20 05:26:47,585 - epub_processor - INFO - Extracted chapter: Chapter 152
2025-03-20 05:26:47,613 - epub_processor - INFO - Extracted chapter: Chapter 153
2025-03-20 05:26:47,628 - epub_processor - INFO - Extracted chapter: Chapter 154
2025-03-20 05:26:47,644 - epub_processor - INFO - Extracted chapter: Chapter 155
2025-03-20 05:26:47,668 - epub_processor - INFO - Extracted chapter: Chapter 156
2025-03-20 05:26:47,694 - epub_processor - INFO - Extracted chapter: Chapter 157
2025-03-20 05:26:47,713 - epub_processor - INFO - Extracted chapter: Chapter 158
2025-03-20 05:26:47,730 - epub_processor - INFO - Extracted chapter: Chapter 159
2025-03-20 05:26:47,747 - epub_processor - INFO - Extracted chapter: Chapter 160
2025-03-20 05:26:47,764 - epub_processor - INFO - Extracted chapter: Chapter 161
2025-03-20 05:26:47,783 - epub_processor - INFO - Extracted chapter: Chapter 162
2025-03-20 05:26:47,800 - epub_processor - INFO - Extracted chapter: Chapter 163
2025-03-20 05:26:47,820 - epub_processor - INFO - Extracted chapter: Chapter 164
2025-03-20 05:26:47,852 - epub_processor - INFO - Extracted chapter: Chapter 165
2025-03-20 05:26:47,869 - epub_processor - INFO - Extracted chapter: Chapter 166
2025-03-20 05:26:47,895 - epub_processor - INFO - Extracted chapter: Chapter 167
2025-03-20 05:26:47,922 - epub_processor - INFO - Extracted chapter: Chapter 168
2025-03-20 05:26:47,948 - epub_processor - INFO - Extracted chapter: Chapter 169
2025-03-20 05:26:47,975 - epub_processor - INFO - Extracted chapter: Chapter 170
2025-03-20 05:26:47,991 - epub_processor - INFO - Extracted chapter: Chapter 171
2025-03-20 05:26:48,006 - epub_processor - INFO - Extracted chapter: Chapter 172
2025-03-20 05:26:48,024 - epub_processor - INFO - Extracted chapter: Chapter 173
2025-03-20 05:26:48,043 - epub_processor - INFO - Extracted chapter: Chapter 174
2025-03-20 05:26:48,060 - epub_processor - INFO - Extracted chapter: Chapter 175
2025-03-20 05:26:48,087 - epub_processor - INFO - Extracted chapter: Chapter 176
2025-03-20 05:26:48,106 - epub_processor - INFO - Extracted chapter: Chapter 177
2025-03-20 05:26:48,122 - epub_processor - INFO - Extracted chapter: Chapter 178
2025-03-20 05:26:48,138 - epub_processor - INFO - Extracted chapter: Chapter 179
2025-03-20 05:26:48,154 - epub_processor - INFO - Extracted chapter: Chapter 180
2025-03-20 05:26:48,170 - epub_processor - INFO - Extracted chapter: Chapter 181
2025-03-20 05:26:48,184 - epub_processor - INFO - Extracted chapter: Chapter 182
2025-03-20 05:26:48,202 - epub_processor - INFO - Extracted chapter: Chapter 183
2025-03-20 05:26:48,229 - epub_processor - INFO - Extracted chapter: Chapter 184
2025-03-20 05:26:48,246 - epub_processor - INFO - Extracted chapter: Chapter 185
2025-03-20 05:26:48,269 - epub_processor - INFO - Extracted chapter: Chapter 186
2025-03-20 05:26:48,288 - epub_processor - INFO - Extracted chapter: Chapter 187
2025-03-20 05:26:48,306 - epub_processor - INFO - Extracted chapter: Chapter 188
2025-03-20 05:26:48,334 - epub_processor - INFO - Extracted chapter: Chapter 189
2025-03-20 05:26:48,353 - epub_processor - INFO - Extracted chapter: Chapter 190
2025-03-20 05:26:48,371 - epub_processor - INFO - Extracted chapter: Chapter 191
2025-03-20 05:26:48,386 - epub_processor - INFO - Extracted chapter: Chapter 192
2025-03-20 05:26:48,405 - epub_processor - INFO - Extracted chapter: Chapter 193
2025-03-20 05:26:48,423 - epub_processor - INFO - Extracted chapter: Chapter 194
2025-03-20 05:26:48,442 - epub_processor - INFO - Extracted chapter: Chapter 195
2025-03-20 05:26:48,463 - epub_processor - INFO - Extracted chapter: Chapter 196
2025-03-20 05:26:48,486 - epub_processor - INFO - Extracted chapter: Chapter 197
2025-03-20 05:26:48,507 - epub_processor - INFO - Extracted chapter: Chapter 198
2025-03-20 05:26:48,526 - epub_processor - INFO - Extracted chapter: Chapter 199
2025-03-20 05:26:48,542 - epub_processor - INFO - Extracted chapter: Chapter 200
2025-03-20 05:26:48,558 - epub_processor - INFO - Extracted chapter: Chapter 201
2025-03-20 05:26:48,576 - epub_processor - INFO - Extracted chapter: Chapter 202
2025-03-20 05:26:48,595 - epub_processor - INFO - Extracted chapter: Chapter 203
2025-03-20 05:26:48,616 - epub_processor - INFO - Extracted chapter: Chapter 204
2025-03-20 05:26:48,633 - epub_processor - INFO - Extracted chapter: Chapter 205
2025-03-20 05:26:48,647 - epub_processor - INFO - Extracted chapter: Chapter 206
2025-03-20 05:26:48,669 - epub_processor - INFO - Extracted chapter: Chapter 207
2025-03-20 05:26:48,687 - epub_processor - INFO - Extracted chapter: Chapter 208
2025-03-20 05:26:48,708 - epub_processor - INFO - Extracted chapter: Chapter 209
2025-03-20 05:26:48,725 - epub_processor - INFO - Extracted chapter: Chapter 210
2025-03-20 05:26:48,740 - epub_processor - INFO - Extracted chapter: Chapter 211
2025-03-20 05:26:48,760 - epub_processor - INFO - Extracted chapter: Chapter 212
2025-03-20 05:26:48,779 - epub_processor - INFO - Extracted chapter: Chapter 213
2025-03-20 05:26:48,795 - epub_processor - INFO - Extracted chapter: Chapter 214
2025-03-20 05:26:48,811 - epub_processor - INFO - Extracted chapter: Chapter 215
2025-03-20 05:26:48,827 - epub_processor - INFO - Extracted chapter: Chapter 216
2025-03-20 05:26:48,845 - epub_processor - INFO - Extracted chapter: Chapter 217
2025-03-20 05:26:48,873 - epub_processor - INFO - Extracted chapter: Chapter 218
2025-03-20 05:26:48,894 - epub_processor - INFO - Extracted chapter: Chapter 219
2025-03-20 05:26:48,913 - epub_processor - INFO - Extracted chapter: Chapter 220
2025-03-20 05:26:48,932 - epub_processor - INFO - Extracted chapter: Chapter 221
2025-03-20 05:26:48,951 - epub_processor - INFO - Extracted chapter: Chapter 222
2025-03-20 05:26:48,972 - epub_processor - INFO - Extracted chapter: Chapter 223
2025-03-20 05:26:48,989 - epub_processor - INFO - Extracted chapter: Chapter 224
2025-03-20 05:26:49,010 - epub_processor - INFO - Extracted chapter: Chapter 225
2025-03-20 05:26:49,036 - epub_processor - INFO - Extracted chapter: Chapter 226
2025-03-20 05:26:49,054 - epub_processor - INFO - Extracted chapter: Chapter 227
2025-03-20 05:26:49,073 - epub_processor - INFO - Extracted chapter: Chapter 228
2025-03-20 05:26:49,097 - epub_processor - INFO - Extracted chapter: Chapter 229
2025-03-20 05:26:49,114 - epub_processor - INFO - Extracted chapter: Chapter 230
2025-03-20 05:26:49,137 - epub_processor - INFO - Extracted chapter: Chapter 231
2025-03-20 05:26:49,156 - epub_processor - INFO - Extracted chapter: Chapter 232
2025-03-20 05:26:49,172 - epub_processor - INFO - Extracted chapter: Chapter 233
2025-03-20 05:26:49,193 - epub_processor - INFO - Extracted chapter: Chapter 234
2025-03-20 05:26:49,214 - epub_processor - INFO - Extracted chapter: Chapter 235
2025-03-20 05:26:49,230 - epub_processor - INFO - Extracted chapter: Chapter 236
2025-03-20 05:26:49,251 - epub_processor - INFO - Extracted chapter: Chapter 237
2025-03-20 05:26:49,270 - epub_processor - INFO - Extracted chapter: Chapter 238
2025-03-20 05:26:49,286 - epub_processor - INFO - Extracted chapter: Chapter 239
2025-03-20 05:26:49,302 - epub_processor - INFO - Extracted chapter: Chapter 240
2025-03-20 05:26:49,324 - epub_processor - INFO - Extracted chapter: Chapter 241
2025-03-20 05:26:49,349 - epub_processor - INFO - Extracted chapter: Chapter 242
2025-03-20 05:26:49,367 - epub_processor - INFO - Extracted chapter: Chapter 243
2025-03-20 05:26:49,382 - epub_processor - INFO - Extracted chapter: Chapter 244
2025-03-20 05:26:49,404 - epub_processor - INFO - Extracted chapter: Chapter 245
2025-03-20 05:26:49,420 - epub_processor - INFO - Extracted chapter: Chapter 246
2025-03-20 05:26:49,438 - epub_processor - INFO - Extracted chapter: Chapter 247
2025-03-20 05:26:49,456 - epub_processor - INFO - Extracted chapter: Chapter 248
2025-03-20 05:26:49,478 - epub_processor - INFO - Extracted chapter: Chapter 249
2025-03-20 05:26:49,506 - epub_processor - INFO - Extracted chapter: Chapter 250
2025-03-20 05:26:49,523 - epub_processor - INFO - Extracted chapter: Chapter 251
2025-03-20 05:26:49,549 - epub_processor - INFO - Extracted chapter: Chapter 252
2025-03-20 05:26:49,567 - epub_processor - INFO - Extracted chapter: Chapter 253
2025-03-20 05:26:49,582 - epub_processor - INFO - Extracted chapter: Chapter 254
2025-03-20 05:26:49,601 - epub_processor - INFO - Extracted chapter: Chapter 255
2025-03-20 05:26:49,616 - epub_processor - INFO - Extracted chapter: Chapter 256
2025-03-20 05:26:49,635 - epub_processor - INFO - Extracted chapter: Chapter 257
2025-03-20 05:26:49,660 - epub_processor - INFO - Extracted chapter: Chapter 258
2025-03-20 05:26:49,686 - epub_processor - INFO - Extracted chapter: Chapter 259
2025-03-20 05:26:49,706 - epub_processor - INFO - Extracted chapter: Chapter 260
2025-03-20 05:26:49,731 - epub_processor - INFO - Extracted chapter: Chapter 261
2025-03-20 05:26:49,756 - epub_processor - INFO - Extracted chapter: Chapter 262
2025-03-20 05:26:49,780 - epub_processor - INFO - Extracted chapter: Chapter 263
2025-03-20 05:26:49,798 - epub_processor - INFO - Extracted chapter: Chapter 264
2025-03-20 05:26:49,816 - epub_processor - INFO - Extracted chapter: Chapter 265
2025-03-20 05:26:49,832 - epub_processor - INFO - Extracted chapter: Chapter 266
2025-03-20 05:26:49,856 - epub_processor - INFO - Extracted chapter: Chapter 267
2025-03-20 05:26:49,878 - epub_processor - INFO - Extracted chapter: Chapter 268
2025-03-20 05:26:49,901 - epub_processor - INFO - Extracted chapter: Chapter 269
2025-03-20 05:26:49,925 - epub_processor - INFO - Extracted chapter: Chapter 270
2025-03-20 05:26:49,950 - epub_processor - INFO - Extracted chapter: Chapter 271
2025-03-20 05:26:49,970 - epub_processor - INFO - Extracted chapter: Chapter 272
2025-03-20 05:26:49,989 - epub_processor - INFO - Extracted chapter: Chapter 273
2025-03-20 05:26:50,007 - epub_processor - INFO - Extracted chapter: Chapter 274
2025-03-20 05:26:50,028 - epub_processor - INFO - Extracted chapter: Chapter 275
2025-03-20 05:26:50,049 - epub_processor - INFO - Extracted chapter: Chapter 276
2025-03-20 05:26:50,067 - epub_processor - INFO - Extracted chapter: Chapter 277
2025-03-20 05:26:50,085 - epub_processor - INFO - Extracted chapter: Chapter 278
2025-03-20 05:26:50,104 - epub_processor - INFO - Extracted chapter: Chapter 279
2025-03-20 05:26:50,120 - epub_processor - INFO - Extracted chapter: Chapter 280
2025-03-20 05:26:50,138 - epub_processor - INFO - Extracted chapter: Chapter 281
2025-03-20 05:26:50,159 - epub_processor - INFO - Extracted chapter: Chapter 282
2025-03-20 05:26:50,185 - epub_processor - INFO - Extracted chapter: Chapter 283
2025-03-20 05:26:50,203 - epub_processor - INFO - Extracted chapter: Chapter 284
2025-03-20 05:26:50,226 - epub_processor - INFO - Extracted chapter: Chapter 285
2025-03-20 05:26:50,245 - epub_processor - INFO - Extracted chapter: Chapter 286
2025-03-20 05:26:50,264 - epub_processor - INFO - Extracted chapter: Chapter 287
2025-03-20 05:26:50,281 - epub_processor - INFO - Extracted chapter: Chapter 288
2025-03-20 05:26:50,302 - epub_processor - INFO - Extracted chapter: Chapter 289
2025-03-20 05:26:50,324 - epub_processor - INFO - Extracted chapter: Chapter 290
2025-03-20 05:26:50,343 - epub_processor - INFO - Extracted chapter: Chapter 291
2025-03-20 05:26:50,369 - epub_processor - INFO - Extracted chapter: Chapter 292
2025-03-20 05:26:50,392 - epub_processor - INFO - Extracted chapter: Chapter 293
2025-03-20 05:26:50,411 - epub_processor - INFO - Extracted chapter: Chapter 294
2025-03-20 05:26:50,427 - epub_processor - INFO - Extracted chapter: Chapter 295
2025-03-20 05:26:50,443 - epub_processor - INFO - Extracted chapter: Chapter 296
2025-03-20 05:26:50,465 - epub_processor - INFO - Extracted chapter: Chapter 297
2025-03-20 05:26:50,484 - epub_processor - INFO - Extracted chapter: Chapter 298
2025-03-20 05:26:50,498 - epub_processor - INFO - Extracted chapter: Chapter 299
2025-03-20 05:26:50,519 - epub_processor - INFO - Extracted chapter: Chapter 300
2025-03-20 05:26:50,546 - epub_processor - INFO - Extracted chapter: Chapter 301
2025-03-20 05:26:50,569 - epub_processor - INFO - Extracted chapter: Chapter 302
2025-03-20 05:26:50,591 - epub_processor - INFO - Extracted chapter: Chapter 303
2025-03-20 05:26:50,614 - epub_processor - INFO - Extracted chapter: Chapter 304
2025-03-20 05:26:50,638 - epub_processor - INFO - Extracted chapter: Chapter 305
2025-03-20 05:26:50,659 - epub_processor - INFO - Extracted chapter: Chapter 306
2025-03-20 05:26:50,677 - epub_processor - INFO - Extracted chapter: Chapter 307
2025-03-20 05:26:50,696 - epub_processor - INFO - Extracted chapter: Chapter 308
2025-03-20 05:26:50,713 - epub_processor - INFO - Extracted chapter: Chapter 309
2025-03-20 05:26:50,732 - epub_processor - INFO - Extracted chapter: Chapter 310
2025-03-20 05:26:50,749 - epub_processor - INFO - Extracted chapter: Chapter 311
2025-03-20 05:26:50,764 - epub_processor - INFO - Extracted chapter: Chapter 312
2025-03-20 05:26:50,780 - epub_processor - INFO - Extracted chapter: Chapter 313
2025-03-20 05:26:50,797 - epub_processor - INFO - Extracted chapter: Chapter 314
2025-03-20 05:26:50,813 - epub_processor - INFO - Extracted chapter: Chapter 315
2025-03-20 05:26:50,834 - epub_processor - INFO - Extracted chapter: Chapter 316
2025-03-20 05:26:50,859 - epub_processor - INFO - Extracted chapter: Chapter 317
2025-03-20 05:26:50,877 - epub_processor - INFO - Extracted chapter: Chapter 318
2025-03-20 05:26:50,895 - epub_processor - INFO - Extracted chapter: Chapter 319
2025-03-20 05:26:50,919 - epub_processor - INFO - Extracted chapter: Chapter 320
2025-03-20 05:26:50,943 - epub_processor - INFO - Extracted chapter: Chapter 321
2025-03-20 05:26:50,969 - epub_processor - INFO - Extracted chapter: Chapter 322
2025-03-20 05:26:50,986 - epub_processor - INFO - Extracted chapter: Chapter 323
2025-03-20 05:26:51,014 - epub_processor - INFO - Extracted chapter: Chapter 324
2025-03-20 05:26:51,032 - epub_processor - INFO - Extracted chapter: Chapter 325
2025-03-20 05:26:51,053 - epub_processor - INFO - Extracted chapter: Chapter 326
2025-03-20 05:26:51,077 - epub_processor - INFO - Extracted chapter: Chapter 327
2025-03-20 05:26:51,096 - epub_processor - INFO - Extracted chapter: Chapter 328
2025-03-20 05:26:51,114 - epub_processor - INFO - Extracted chapter: Chapter 329
2025-03-20 05:26:51,130 - epub_processor - INFO - Extracted chapter: Chapter 330
2025-03-20 05:26:51,150 - epub_processor - INFO - Extracted chapter: Chapter 331
2025-03-20 05:26:51,170 - epub_processor - INFO - Extracted chapter: Chapter 332
2025-03-20 05:26:51,189 - epub_processor - INFO - Extracted chapter: Chapter 333
2025-03-20 05:26:51,213 - epub_processor - INFO - Extracted chapter: Chapter 334
2025-03-20 05:26:51,236 - epub_processor - INFO - Extracted chapter: Chapter 335
2025-03-20 05:26:51,261 - epub_processor - INFO - Extracted chapter: Chapter 336
2025-03-20 05:26:51,290 - epub_processor - INFO - Extracted chapter: Chapter 337
2025-03-20 05:26:51,310 - epub_processor - INFO - Extracted chapter: Chapter 338
2025-03-20 05:26:51,334 - epub_processor - INFO - Extracted chapter: Chapter 339
2025-03-20 05:26:51,360 - epub_processor - INFO - Extracted chapter: Chapter 340
2025-03-20 05:26:51,377 - epub_processor - INFO - Extracted chapter: Chapter 341
2025-03-20 05:26:51,406 - epub_processor - INFO - Extracted chapter: Chapter 342
2025-03-20 05:26:51,436 - epub_processor - INFO - Extracted chapter: Chapter 343
2025-03-20 05:26:51,458 - epub_processor - INFO - Extracted chapter: Chapter 344
2025-03-20 05:26:51,481 - epub_processor - INFO - Extracted chapter: Chapter 345
2025-03-20 05:26:51,503 - epub_processor - INFO - Extracted chapter: Chapter 346
2025-03-20 05:26:51,530 - epub_processor - INFO - Extracted chapter: Chapter 347
2025-03-20 05:26:51,549 - epub_processor - INFO - Extracted chapter: Chapter 348
2025-03-20 05:26:51,566 - epub_processor - INFO - Extracted chapter: Chapter 349
2025-03-20 05:26:51,582 - epub_processor - INFO - Extracted chapter: Chapter 350
2025-03-20 05:26:51,602 - epub_processor - INFO - Extracted chapter: Chapter 351
2025-03-20 05:26:51,622 - epub_processor - INFO - Extracted chapter: Chapter 352
2025-03-20 05:26:51,641 - epub_processor - INFO - Extracted chapter: Chapter 353
2025-03-20 05:26:51,664 - epub_processor - INFO - Extracted chapter: Chapter 354
2025-03-20 05:26:51,682 - epub_processor - INFO - Extracted chapter: Chapter 355
2025-03-20 05:26:51,698 - epub_processor - INFO - Extracted chapter: Chapter 356
2025-03-20 05:26:51,721 - epub_processor - INFO - Extracted chapter: Chapter 357
2025-03-20 05:26:51,738 - epub_processor - INFO - Extracted chapter: Chapter 358
2025-03-20 05:26:51,754 - epub_processor - INFO - Extracted chapter: Chapter 359
2025-03-20 05:26:51,778 - epub_processor - INFO - Extracted chapter: Chapter 360
2025-03-20 05:26:51,795 - epub_processor - INFO - Extracted chapter: Chapter 361
2025-03-20 05:26:51,812 - epub_processor - INFO - Extracted chapter: Chapter 362
2025-03-20 05:26:51,827 - epub_processor - INFO - Extracted chapter: Chapter 363
2025-03-20 05:26:51,854 - epub_processor - INFO - Extracted chapter: Chapter 364
2025-03-20 05:26:51,871 - epub_processor - INFO - Extracted chapter: Chapter 365
2025-03-20 05:26:51,889 - epub_processor - INFO - Extracted chapter: Chapter 366
2025-03-20 05:26:51,910 - epub_processor - INFO - Extracted chapter: Chapter 367
2025-03-20 05:26:51,935 - epub_processor - INFO - Extracted chapter: Chapter 368
2025-03-20 05:26:51,954 - epub_processor - INFO - Extracted chapter: Chapter 369
2025-03-20 05:26:51,970 - epub_processor - INFO - Extracted chapter: Chapter 370
2025-03-20 05:26:51,985 - epub_processor - INFO - Extracted chapter: Chapter 371
2025-03-20 05:26:52,011 - epub_processor - INFO - Extracted chapter: Chapter 372
2025-03-20 05:26:52,030 - epub_processor - INFO - Extracted chapter: Chapter 373
2025-03-20 05:26:52,050 - epub_processor - INFO - Extracted chapter: Chapter 374
2025-03-20 05:26:52,071 - epub_processor - INFO - Extracted chapter: Chapter 375
2025-03-20 05:26:52,088 - epub_processor - INFO - Extracted chapter: Chapter 376
2025-03-20 05:26:52,106 - epub_processor - INFO - Extracted chapter: Chapter 377
2025-03-20 05:26:52,123 - epub_processor - INFO - Extracted chapter: Chapter 378
2025-03-20 05:26:52,147 - epub_processor - INFO - Extracted chapter: Chapter 379
2025-03-20 05:26:52,171 - epub_processor - INFO - Extracted chapter: Chapter 380
2025-03-20 05:26:52,189 - epub_processor - INFO - Extracted chapter: Chapter 381
2025-03-20 05:26:52,212 - epub_processor - INFO - Extracted chapter: Chapter 382
2025-03-20 05:26:52,230 - epub_processor - INFO - Extracted chapter: Chapter 383
2025-03-20 05:26:52,252 - epub_processor - INFO - Extracted chapter: Chapter 384
2025-03-20 05:26:52,278 - epub_processor - INFO - Extracted chapter: Chapter 385
2025-03-20 05:26:52,304 - epub_processor - INFO - Extracted chapter: Chapter 386
2025-03-20 05:26:52,323 - epub_processor - INFO - Extracted chapter: Chapter 387
2025-03-20 05:26:52,339 - epub_processor - INFO - Extracted chapter: Chapter 388
2025-03-20 05:26:52,360 - epub_processor - INFO - Extracted chapter: Chapter 389
2025-03-20 05:26:52,385 - epub_processor - INFO - Extracted chapter: Chapter 390
2025-03-20 05:26:52,405 - epub_processor - INFO - Extracted chapter: Chapter 391
2025-03-20 05:26:52,422 - epub_processor - INFO - Extracted chapter: Chapter 392
2025-03-20 05:26:52,437 - epub_processor - INFO - Extracted chapter: Chapter 393
2025-03-20 05:26:52,454 - epub_processor - INFO - Extracted chapter: Chapter 394
2025-03-20 05:26:52,476 - epub_processor - INFO - Extracted chapter: Chapter 395
2025-03-20 05:26:52,503 - epub_processor - INFO - Extracted chapter: Chapter 396
2025-03-20 05:26:52,531 - epub_processor - INFO - Extracted chapter: Chapter 397
2025-03-20 05:26:52,550 - epub_processor - INFO - Extracted chapter: Chapter 398
2025-03-20 05:26:52,569 - epub_processor - INFO - Extracted chapter: Chapter 399
2025-03-20 05:26:52,589 - epub_processor - INFO - Extracted chapter: Chapter 400
2025-03-20 05:26:52,614 - epub_processor - INFO - Extracted chapter: Chapter 401
2025-03-20 05:26:52,639 - epub_processor - INFO - Extracted chapter: Chapter 402
2025-03-20 05:26:52,663 - epub_processor - INFO - Extracted chapter: Chapter 403
2025-03-20 05:26:52,684 - epub_processor - INFO - Extracted chapter: Chapter 404
2025-03-20 05:26:52,705 - epub_processor - INFO - Extracted chapter: Chapter 405
2025-03-20 05:26:52,726 - epub_processor - INFO - Extracted chapter: Chapter 406
2025-03-20 05:26:52,751 - epub_processor - INFO - Extracted chapter: Chapter 407
2025-03-20 05:26:52,767 - epub_processor - INFO - Extracted chapter: Chapter 408
2025-03-20 05:26:52,787 - epub_processor - INFO - Extracted chapter: Chapter 409
2025-03-20 05:26:52,804 - epub_processor - INFO - Extracted chapter: Chapter 410
2025-03-20 05:26:52,830 - epub_processor - INFO - Extracted chapter: Chapter 411
2025-03-20 05:26:52,847 - epub_processor - INFO - Extracted chapter: Chapter 412
2025-03-20 05:26:52,872 - epub_processor - INFO - Extracted chapter: Chapter 413
2025-03-20 05:26:52,893 - epub_processor - INFO - Extracted chapter: Chapter 414
2025-03-20 05:26:52,910 - epub_processor - INFO - Extracted chapter: Chapter 415
2025-03-20 05:26:52,936 - epub_processor - INFO - Extracted chapter: Chapter 416
2025-03-20 05:26:52,956 - epub_processor - INFO - Extracted chapter: Chapter 417
2025-03-20 05:26:52,976 - epub_processor - INFO - Extracted chapter: Chapter 418
2025-03-20 05:26:52,992 - epub_processor - INFO - Extracted chapter: Chapter 419
2025-03-20 05:26:53,010 - epub_processor - INFO - Extracted chapter: Chapter 420
2025-03-20 05:26:53,033 - epub_processor - INFO - Extracted chapter: Chapter 421
2025-03-20 05:26:53,056 - epub_processor - INFO - Extracted chapter: Chapter 422
2025-03-20 05:26:53,081 - epub_processor - INFO - Extracted chapter: Chapter 423
2025-03-20 05:26:53,104 - epub_processor - INFO - Extracted chapter: Chapter 424
2025-03-20 05:26:53,129 - epub_processor - INFO - Extracted chapter: Chapter 425
2025-03-20 05:26:53,145 - epub_processor - INFO - Extracted chapter: Chapter 426
2025-03-20 05:26:53,158 - epub_processor - INFO - Extracted chapter: Chapter 427
2025-03-20 05:26:53,175 - epub_processor - INFO - Extracted chapter: Chapter 428
2025-03-20 05:26:53,193 - epub_processor - INFO - Extracted chapter: Chapter 429
2025-03-20 05:26:53,211 - epub_processor - INFO - Extracted chapter: Chapter 430
2025-03-20 05:26:53,230 - epub_processor - INFO - Extracted chapter: Chapter 431
2025-03-20 05:26:53,251 - epub_processor - INFO - Extracted chapter: Chapter 432
2025-03-20 05:26:53,270 - epub_processor - INFO - Extracted chapter: Chapter 433
2025-03-20 05:26:53,291 - epub_processor - INFO - Extracted chapter: Chapter 434
2025-03-20 05:26:53,315 - epub_processor - INFO - Extracted chapter: Chapter 435
2025-03-20 05:26:53,342 - epub_processor - INFO - Extracted chapter: Chapter 436
2025-03-20 05:26:53,359 - epub_processor - INFO - Extracted chapter: Chapter 437
2025-03-20 05:26:53,380 - epub_processor - INFO - Extracted chapter: Chapter 438
2025-03-20 05:26:53,405 - epub_processor - INFO - Extracted chapter: Chapter 439
2025-03-20 05:26:53,430 - epub_processor - INFO - Extracted chapter: Chapter 440
2025-03-20 05:26:53,457 - epub_processor - INFO - Extracted chapter: Chapter 441
2025-03-20 05:26:53,475 - epub_processor - INFO - Extracted chapter: Chapter 442
2025-03-20 05:26:53,492 - epub_processor - INFO - Extracted chapter: Chapter 443
2025-03-20 05:26:53,507 - epub_processor - INFO - Extracted chapter: Chapter 444
2025-03-20 05:26:53,529 - epub_processor - INFO - Extracted chapter: Chapter 445
2025-03-20 05:26:53,550 - epub_processor - INFO - Extracted chapter: Chapter 446
2025-03-20 05:26:53,568 - epub_processor - INFO - Extracted chapter: Chapter 447
2025-03-20 05:26:53,588 - epub_processor - INFO - Extracted chapter: Chapter 448
2025-03-20 05:26:53,611 - epub_processor - INFO - Extracted chapter: Chapter 449
2025-03-20 05:26:53,629 - epub_processor - INFO - Extracted chapter: Chapter 450
2025-03-20 05:26:53,645 - epub_processor - INFO - Extracted chapter: Chapter 451
2025-03-20 05:26:53,669 - epub_processor - INFO - Extracted chapter: Chapter 452
2025-03-20 05:26:53,697 - epub_processor - INFO - Extracted chapter: Chapter 453
2025-03-20 05:26:53,718 - epub_processor - INFO - Extracted chapter: Chapter 454
2025-03-20 05:26:53,737 - epub_processor - INFO - Extracted chapter: Chapter 455
2025-03-20 05:26:53,758 - epub_processor - INFO - Extracted chapter: Chapter 456
2025-03-20 05:26:53,777 - epub_processor - INFO - Extracted chapter: Chapter 457
2025-03-20 05:26:53,801 - epub_processor - INFO - Extracted chapter: Chapter 458
2025-03-20 05:26:53,818 - epub_processor - INFO - Extracted chapter: Chapter 459
2025-03-20 05:26:53,835 - epub_processor - INFO - Extracted chapter: Chapter 460
2025-03-20 05:26:53,859 - epub_processor - INFO - Extracted chapter: Chapter 461
2025-03-20 05:26:53,880 - epub_processor - INFO - Extracted chapter: Chapter 462
2025-03-20 05:26:53,899 - epub_processor - INFO - Extracted chapter: Chapter 463
2025-03-20 05:26:53,919 - epub_processor - INFO - Extracted chapter: Chapter 464
2025-03-20 05:26:53,937 - epub_processor - INFO - Extracted chapter: Chapter 465
2025-03-20 05:26:53,954 - epub_processor - INFO - Extracted chapter: Chapter 466
2025-03-20 05:26:53,976 - epub_processor - INFO - Extracted chapter: Chapter 467
2025-03-20 05:26:53,993 - epub_processor - INFO - Extracted chapter: Chapter 468
2025-03-20 05:26:54,010 - epub_processor - INFO - Extracted chapter: Chapter 469
2025-03-20 05:26:54,033 - epub_processor - INFO - Extracted chapter: Chapter 470
2025-03-20 05:26:54,053 - epub_processor - INFO - Extracted chapter: Chapter 471
2025-03-20 05:26:54,077 - epub_processor - INFO - Extracted chapter: Chapter 472
2025-03-20 05:26:54,097 - epub_processor - INFO - Extracted chapter: Chapter 473
2025-03-20 05:26:54,116 - epub_processor - INFO - Extracted chapter: Chapter 474
2025-03-20 05:26:54,131 - epub_processor - INFO - Extracted chapter: Chapter 475
2025-03-20 05:26:54,149 - epub_processor - INFO - Extracted chapter: Chapter 476
2025-03-20 05:26:54,166 - epub_processor - INFO - Extracted chapter: Chapter 477
2025-03-20 05:26:54,183 - epub_processor - INFO - Extracted chapter: Chapter 478
2025-03-20 05:26:54,199 - epub_processor - INFO - Extracted chapter: Chapter 479
2025-03-20 05:26:54,219 - epub_processor - INFO - Extracted chapter: Chapter 480
2025-03-20 05:26:54,246 - epub_processor - INFO - Extracted chapter: Chapter 481
2025-03-20 05:26:54,262 - epub_processor - INFO - Extracted chapter: Chapter 482
2025-03-20 05:26:54,280 - epub_processor - INFO - Extracted chapter: Chapter 483
2025-03-20 05:26:54,295 - epub_processor - INFO - Extracted chapter: Chapter 484
2025-03-20 05:26:54,317 - epub_processor - INFO - Extracted chapter: Chapter 485
2025-03-20 05:26:54,341 - epub_processor - INFO - Extracted chapter: Chapter 486
2025-03-20 05:26:54,362 - epub_processor - INFO - Extracted chapter: Chapter 487
2025-03-20 05:26:54,380 - epub_processor - INFO - Extracted chapter: Chapter 488
2025-03-20 05:26:54,398 - epub_processor - INFO - Extracted chapter: Chapter 489
2025-03-20 05:26:54,414 - epub_processor - INFO - Extracted chapter: Chapter 490
2025-03-20 05:26:54,439 - epub_processor - INFO - Extracted chapter: Chapter 491
2025-03-20 05:26:54,456 - epub_processor - INFO - Extracted chapter: Chapter 492
2025-03-20 05:26:54,479 - epub_processor - INFO - Extracted chapter: Chapter 493
2025-03-20 05:26:54,502 - epub_processor - INFO - Extracted chapter: Chapter 494
2025-03-20 05:26:54,521 - epub_processor - INFO - Extracted chapter: Chapter 495
2025-03-20 05:26:54,542 - epub_processor - INFO - Extracted chapter: Chapter 496
2025-03-20 05:26:54,561 - epub_processor - INFO - Extracted chapter: Chapter 497
2025-03-20 05:26:54,582 - epub_processor - INFO - Extracted chapter: Chapter 498
2025-03-20 05:26:54,598 - epub_processor - INFO - Extracted chapter: Chapter 499
2025-03-20 05:26:54,613 - epub_processor - INFO - Extracted chapter: Chapter 500
2025-03-20 05:26:54,626 - epub_processor - INFO - Extracted chapter: Chapter 501
2025-03-20 05:26:54,642 - epub_processor - INFO - Extracted chapter: Chapter 502
2025-03-20 05:26:54,664 - epub_processor - INFO - Extracted chapter: Chapter 503
2025-03-20 05:26:54,680 - epub_processor - INFO - Extracted chapter: Chapter 504
2025-03-20 05:26:54,699 - epub_processor - INFO - Extracted chapter: Chapter 505
2025-03-20 05:26:54,718 - epub_processor - INFO - Extracted chapter: Chapter 506
2025-03-20 05:26:54,744 - epub_processor - INFO - Extracted chapter: Chapter 507
2025-03-20 05:26:54,769 - epub_processor - INFO - Extracted chapter: Chapter 508
2025-03-20 05:26:54,795 - epub_processor - INFO - Extracted chapter: Chapter 509
2025-03-20 05:26:54,811 - epub_processor - INFO - Extracted chapter: Chapter 510
2025-03-20 05:26:54,837 - epub_processor - INFO - Extracted chapter: Chapter 511
2025-03-20 05:26:54,862 - epub_processor - INFO - Extracted chapter: Chapter 512
2025-03-20 05:26:54,878 - epub_processor - INFO - Extracted chapter: Chapter 513
2025-03-20 05:26:54,895 - epub_processor - INFO - Extracted chapter: Chapter 514
2025-03-20 05:26:54,914 - epub_processor - INFO - Extracted chapter: Chapter 515
2025-03-20 05:26:54,940 - epub_processor - INFO - Extracted chapter: Chapter 516
2025-03-20 05:26:54,963 - epub_processor - INFO - Extracted chapter: Chapter 517
2025-03-20 05:26:54,984 - epub_processor - INFO - Extracted chapter: Chapter 518
2025-03-20 05:26:55,007 - epub_processor - INFO - Extracted chapter: Chapter 519
2025-03-20 05:26:55,029 - epub_processor - INFO - Extracted chapter: Chapter 520
2025-03-20 05:26:55,046 - epub_processor - INFO - Extracted chapter: Chapter 521
2025-03-20 05:26:55,064 - epub_processor - INFO - Extracted chapter: Chapter 522
2025-03-20 05:26:55,086 - epub_processor - INFO - Extracted chapter: Chapter 523
2025-03-20 05:26:55,107 - epub_processor - INFO - Extracted chapter: Chapter 524
2025-03-20 05:26:55,131 - epub_processor - INFO - Extracted chapter: Chapter 525
2025-03-20 05:26:55,151 - epub_processor - INFO - Extracted chapter: Chapter 526
2025-03-20 05:26:55,174 - epub_processor - INFO - Extracted chapter: Chapter 527
2025-03-20 05:26:55,191 - epub_processor - INFO - Extracted chapter: Chapter 528
2025-03-20 05:26:55,206 - epub_processor - INFO - Extracted chapter: Chapter 529
2025-03-20 05:26:55,229 - epub_processor - INFO - Extracted chapter: Chapter 530
2025-03-20 05:26:55,244 - epub_processor - INFO - Extracted chapter: Chapter 531
2025-03-20 05:26:55,266 - epub_processor - INFO - Extracted chapter: Chapter 532
2025-03-20 05:26:55,292 - epub_processor - INFO - Extracted chapter: Chapter 533
2025-03-20 05:26:55,315 - epub_processor - INFO - Extracted chapter: Chapter 534
2025-03-20 05:26:55,341 - epub_processor - INFO - Extracted chapter: Chapter 535
2025-03-20 05:26:55,359 - epub_processor - INFO - Extracted chapter: Chapter 536
2025-03-20 05:26:55,377 - epub_processor - INFO - Extracted chapter: Chapter 537
2025-03-20 05:26:55,404 - epub_processor - INFO - Extracted chapter: Chapter 538
2025-03-20 05:26:55,422 - epub_processor - INFO - Extracted chapter: Chapter 539
2025-03-20 05:26:55,442 - epub_processor - INFO - Extracted chapter: Chapter 540
2025-03-20 05:26:55,460 - epub_processor - INFO - Extracted chapter: Chapter 541
2025-03-20 05:26:55,481 - epub_processor - INFO - Extracted chapter: Chapter 542
2025-03-20 05:26:55,499 - epub_processor - INFO - Extracted chapter: Chapter 543
2025-03-20 05:26:55,518 - epub_processor - INFO - Extracted chapter: Chapter 544
2025-03-20 05:26:55,534 - epub_processor - INFO - Extracted chapter: Chapter 545
2025-03-20 05:26:55,557 - epub_processor - INFO - Extracted chapter: Chapter 546
2025-03-20 05:26:55,576 - epub_processor - INFO - Extracted chapter: Chapter 547
2025-03-20 05:26:55,597 - epub_processor - INFO - Extracted chapter: Chapter 548
2025-03-20 05:26:55,621 - epub_processor - INFO - Extracted chapter: Chapter 549
2025-03-20 05:26:55,639 - epub_processor - INFO - Extracted chapter: Chapter 550
2025-03-20 05:26:55,663 - epub_processor - INFO - Extracted chapter: Chapter 551
2025-03-20 05:26:55,683 - epub_processor - INFO - Extracted chapter: Chapter 552
2025-03-20 05:26:55,706 - epub_processor - INFO - Extracted chapter: Chapter 553
2025-03-20 05:26:55,734 - epub_processor - INFO - Extracted chapter: Chapter 554
2025-03-20 05:26:55,756 - epub_processor - INFO - Extracted chapter: Chapter 555
2025-03-20 05:26:55,776 - epub_processor - INFO - Extracted chapter: Chapter 556
2025-03-20 05:26:55,798 - epub_processor - INFO - Extracted chapter: Chapter 557
2025-03-20 05:26:55,815 - epub_processor - INFO - Extracted chapter: Chapter 558
2025-03-20 05:26:55,831 - epub_processor - INFO - Extracted chapter: Chapter 559
2025-03-20 05:26:55,847 - epub_processor - INFO - Extracted chapter: Chapter 560
2025-03-20 05:26:55,864 - epub_processor - INFO - Extracted chapter: Chapter 561
2025-03-20 05:26:55,881 - epub_processor - INFO - Extracted chapter: Chapter 562
2025-03-20 05:26:55,902 - epub_processor - INFO - Extracted chapter: Chapter 563
2025-03-20 05:26:55,919 - epub_processor - INFO - Extracted chapter: Chapter 564
2025-03-20 05:26:55,939 - epub_processor - INFO - Extracted chapter: Chapter 565
2025-03-20 05:26:55,960 - epub_processor - INFO - Extracted chapter: Chapter 566
2025-03-20 05:26:55,979 - epub_processor - INFO - Extracted chapter: Chapter 567
2025-03-20 05:26:55,999 - epub_processor - INFO - Extracted chapter: Chapter 568
2025-03-20 05:26:56,021 - epub_processor - INFO - Extracted chapter: Chapter 569
2025-03-20 05:26:56,042 - epub_processor - INFO - Extracted chapter: Chapter 570
2025-03-20 05:26:56,057 - epub_processor - INFO - Extracted chapter: Chapter 571
2025-03-20 05:26:56,075 - epub_processor - INFO - Extracted chapter: Chapter 572
2025-03-20 05:26:56,098 - epub_processor - INFO - Extracted chapter: Chapter 573
2025-03-20 05:26:56,122 - epub_processor - INFO - Extracted chapter: Chapter 574
2025-03-20 05:26:56,149 - epub_processor - INFO - Extracted chapter: Chapter 575
2025-03-20 05:26:56,167 - epub_processor - INFO - Extracted chapter: Chapter 576
2025-03-20 05:26:56,185 - epub_processor - INFO - Extracted chapter: Chapter 577
2025-03-20 05:26:56,209 - epub_processor - INFO - Extracted chapter: Chapter 578
2025-03-20 05:26:56,226 - epub_processor - INFO - Extracted chapter: Chapter 579
2025-03-20 05:26:56,246 - epub_processor - INFO - Extracted chapter: Chapter 580
2025-03-20 05:26:56,268 - epub_processor - INFO - Extracted chapter: Chapter 581
2025-03-20 05:26:56,297 - epub_processor - INFO - Extracted chapter: Chapter 582
2025-03-20 05:26:56,324 - epub_processor - INFO - Extracted chapter: Chapter 583
2025-03-20 05:26:56,342 - epub_processor - INFO - Extracted chapter: Chapter 584
2025-03-20 05:26:56,356 - epub_processor - INFO - Extracted chapter: Chapter 585
2025-03-20 05:26:56,377 - epub_processor - INFO - Extracted chapter: Chapter 586
2025-03-20 05:26:56,395 - epub_processor - INFO - Extracted chapter: Chapter 587
2025-03-20 05:26:56,418 - epub_processor - INFO - Extracted chapter: Chapter 588
2025-03-20 05:26:56,447 - epub_processor - INFO - Extracted chapter: Chapter 589
2025-03-20 05:26:56,472 - epub_processor - INFO - Extracted chapter: Chapter 590
2025-03-20 05:26:56,491 - epub_processor - INFO - Extracted chapter: Chapter 591
2025-03-20 05:26:56,507 - epub_processor - INFO - Extracted chapter: Chapter 592
2025-03-20 05:26:56,527 - epub_processor - INFO - Extracted chapter: Chapter 593
2025-03-20 05:26:56,547 - epub_processor - INFO - Extracted chapter: Chapter 594
2025-03-20 05:26:56,572 - epub_processor - INFO - Extracted chapter: Chapter 595
2025-03-20 05:26:56,590 - epub_processor - INFO - Extracted chapter: Chapter 596
2025-03-20 05:26:56,608 - epub_processor - INFO - Extracted chapter: Chapter 597
2025-03-20 05:26:56,624 - epub_processor - INFO - Extracted chapter: Chapter 598
2025-03-20 05:26:56,641 - epub_processor - INFO - Extracted chapter: Chapter 599
2025-03-20 05:26:56,657 - epub_processor - INFO - Extracted chapter: Chapter 600
2025-03-20 05:26:56,670 - epub_processor - INFO - Extracted chapter: Chapter 601
2025-03-20 05:26:56,688 - epub_processor - INFO - Extracted chapter: Chapter 602
2025-03-20 05:26:56,703 - epub_processor - INFO - Extracted chapter: Chapter 603
2025-03-20 05:26:56,719 - epub_processor - INFO - Extracted chapter: Chapter 604
2025-03-20 05:26:56,742 - epub_processor - INFO - Extracted chapter: Chapter 605
2025-03-20 05:26:56,761 - epub_processor - INFO - Extracted chapter: Chapter 606
2025-03-20 05:26:56,783 - epub_processor - INFO - Extracted chapter: Chapter 607
2025-03-20 05:26:56,801 - epub_processor - INFO - Extracted chapter: Chapter 608
2025-03-20 05:26:56,830 - epub_processor - INFO - Extracted chapter: Chapter 609
2025-03-20 05:26:56,847 - epub_processor - INFO - Extracted chapter: Chapter 610
2025-03-20 05:26:56,864 - epub_processor - INFO - Extracted chapter: Chapter 611
2025-03-20 05:26:56,887 - epub_processor - INFO - Extracted chapter: Chapter 612
2025-03-20 05:26:56,904 - epub_processor - INFO - Extracted chapter: Chapter 613
2025-03-20 05:26:56,926 - epub_processor - INFO - Extracted chapter: Chapter 614
2025-03-20 05:26:56,955 - epub_processor - INFO - Extracted chapter: Chapter 615
2025-03-20 05:26:56,980 - epub_processor - INFO - Extracted chapter: Chapter 616
2025-03-20 05:26:56,998 - epub_processor - INFO - Extracted chapter: Chapter 617
2025-03-20 05:26:57,020 - epub_processor - INFO - Extracted chapter: Chapter 618
2025-03-20 05:26:57,038 - epub_processor - INFO - Extracted chapter: Chapter 619
2025-03-20 05:26:57,058 - epub_processor - INFO - Extracted chapter: Chapter 620
2025-03-20 05:26:57,082 - epub_processor - INFO - Extracted chapter: Chapter 621
2025-03-20 05:26:57,106 - epub_processor - INFO - Extracted chapter: Chapter 622
2025-03-20 05:26:57,124 - epub_processor - INFO - Extracted chapter: Chapter 623
2025-03-20 05:26:57,144 - epub_processor - INFO - Extracted chapter: Chapter 624
2025-03-20 05:26:57,161 - epub_processor - INFO - Extracted chapter: Chapter 625
2025-03-20 05:26:57,177 - epub_processor - INFO - Extracted chapter: Chapter 626
2025-03-20 05:26:57,193 - epub_processor - INFO - Extracted chapter: Chapter 627
2025-03-20 05:26:57,218 - epub_processor - INFO - Extracted chapter: Chapter 628
2025-03-20 05:26:57,243 - epub_processor - INFO - Extracted chapter: Chapter 629
2025-03-20 05:26:57,258 - epub_processor - INFO - Extracted chapter: Chapter 630
2025-03-20 05:26:57,280 - epub_processor - INFO - Extracted chapter: Chapter 631
2025-03-20 05:26:57,299 - epub_processor - INFO - Extracted chapter: Chapter 632
2025-03-20 05:26:57,317 - epub_processor - INFO - Extracted chapter: Chapter 633
2025-03-20 05:26:57,332 - epub_processor - INFO - Extracted chapter: Chapter 634
2025-03-20 05:26:57,348 - epub_processor - INFO - Extracted chapter: Chapter 635
2025-03-20 05:26:57,365 - epub_processor - INFO - Extracted chapter: Chapter 636
2025-03-20 05:26:57,381 - epub_processor - INFO - Extracted chapter: Chapter 637
2025-03-20 05:26:57,402 - epub_processor - INFO - Extracted chapter: Chapter 638
2025-03-20 05:26:57,423 - epub_processor - INFO - Extracted chapter: Chapter 639
2025-03-20 05:26:57,446 - epub_processor - INFO - Extracted chapter: Chapter 640
2025-03-20 05:26:57,470 - epub_processor - INFO - Extracted chapter: Chapter 641
2025-03-20 05:26:57,488 - epub_processor - INFO - Extracted chapter: Chapter 642
2025-03-20 05:26:57,503 - epub_processor - INFO - Extracted chapter: Chapter 643
2025-03-20 05:26:57,522 - epub_processor - INFO - Extracted chapter: Chapter 644
2025-03-20 05:26:57,551 - epub_processor - INFO - Extracted chapter: Chapter 645
2025-03-20 05:26:57,576 - epub_processor - INFO - Extracted chapter: Chapter 646
2025-03-20 05:26:57,600 - epub_processor - INFO - Extracted chapter: Chapter 647
2025-03-20 05:26:57,620 - epub_processor - INFO - Extracted chapter: Chapter 648
2025-03-20 05:26:57,646 - epub_processor - INFO - Extracted chapter: Chapter 649
2025-03-20 05:26:57,665 - epub_processor - INFO - Extracted chapter: Chapter 650
2025-03-20 05:26:57,686 - epub_processor - INFO - Extracted chapter: Chapter 651
2025-03-20 05:26:57,702 - epub_processor - INFO - Extracted chapter: Chapter 652
2025-03-20 05:26:57,717 - epub_processor - INFO - Extracted chapter: Chapter 653
2025-03-20 05:26:57,737 - epub_processor - INFO - Extracted chapter: Chapter 654
2025-03-20 05:26:57,753 - epub_processor - INFO - Extracted chapter: Chapter 655
2025-03-20 05:26:57,774 - epub_processor - INFO - Extracted chapter: Chapter 656
2025-03-20 05:26:57,792 - epub_processor - INFO - Extracted chapter: Chapter 657
2025-03-20 05:26:57,813 - epub_processor - INFO - Extracted chapter: Chapter 658
2025-03-20 05:26:57,839 - epub_processor - INFO - Extracted chapter: Chapter 659
2025-03-20 05:26:57,862 - epub_processor - INFO - Extracted chapter: Chapter 660
2025-03-20 05:26:57,880 - epub_processor - INFO - Extracted chapter: Chapter 661
2025-03-20 05:26:57,898 - epub_processor - INFO - Extracted chapter: Chapter 662
2025-03-20 05:26:57,915 - epub_processor - INFO - Extracted chapter: Chapter 663
2025-03-20 05:26:57,935 - epub_processor - INFO - Extracted chapter: Chapter 664
2025-03-20 05:26:57,955 - epub_processor - INFO - Extracted chapter: Chapter 665
2025-03-20 05:26:57,981 - epub_processor - INFO - Extracted chapter: Chapter 666
2025-03-20 05:26:58,010 - epub_processor - INFO - Extracted chapter: Chapter 667
2025-03-20 05:26:58,036 - epub_processor - INFO - Extracted chapter: Chapter 668
2025-03-20 05:26:58,056 - epub_processor - INFO - Extracted chapter: Chapter 669
2025-03-20 05:26:58,080 - epub_processor - INFO - Extracted chapter: Chapter 670
2025-03-20 05:26:58,107 - epub_processor - INFO - Extracted chapter: Chapter 671
2025-03-20 05:26:58,127 - epub_processor - INFO - Extracted chapter: Chapter 672
2025-03-20 05:26:58,157 - epub_processor - INFO - Extracted chapter: Chapter 673
2025-03-20 05:26:58,176 - epub_processor - INFO - Extracted chapter: Chapter 674
2025-03-20 05:26:58,201 - epub_processor - INFO - Extracted chapter: Chapter 675
2025-03-20 05:26:58,221 - epub_processor - INFO - Extracted chapter: Chapter 676
2025-03-20 05:26:58,243 - epub_processor - INFO - Extracted chapter: Chapter 677
2025-03-20 05:26:58,266 - epub_processor - INFO - Extracted chapter: Chapter 678
2025-03-20 05:26:58,288 - epub_processor - INFO - Extracted chapter: Chapter 679
2025-03-20 05:26:58,307 - epub_processor - INFO - Extracted chapter: Chapter 680
2025-03-20 05:26:58,330 - epub_processor - INFO - Extracted chapter: Chapter 681
2025-03-20 05:26:58,357 - epub_processor - INFO - Extracted chapter: Chapter 682
2025-03-20 05:26:58,380 - epub_processor - INFO - Extracted chapter: Chapter 683
2025-03-20 05:26:58,409 - epub_processor - INFO - Extracted chapter: Chapter 684
2025-03-20 05:26:58,432 - epub_processor - INFO - Extracted chapter: Chapter 685
2025-03-20 05:26:58,457 - epub_processor - INFO - Extracted chapter: Chapter 686
2025-03-20 05:26:58,485 - epub_processor - INFO - Extracted chapter: Chapter 687
2025-03-20 05:26:58,513 - epub_processor - INFO - Extracted chapter: Chapter 688
2025-03-20 05:26:58,537 - epub_processor - INFO - Extracted chapter: Chapter 689
2025-03-20 05:26:58,554 - epub_processor - INFO - Extracted chapter: Chapter 690
2025-03-20 05:26:58,569 - epub_processor - INFO - Extracted chapter: Chapter 691
2025-03-20 05:26:58,592 - epub_processor - INFO - Extracted chapter: Chapter 692
2025-03-20 05:26:58,609 - epub_processor - INFO - Extracted chapter: Chapter 693
2025-03-20 05:26:58,626 - epub_processor - INFO - Extracted chapter: Chapter 694
2025-03-20 05:26:58,644 - epub_processor - INFO - Extracted chapter: Chapter 695
2025-03-20 05:26:58,661 - epub_processor - INFO - Extracted chapter: Chapter 696
2025-03-20 05:26:58,678 - epub_processor - INFO - Extracted chapter: Chapter 697
2025-03-20 05:26:58,701 - epub_processor - INFO - Extracted chapter: Chapter 698
2025-03-20 05:26:58,719 - epub_processor - INFO - Extracted chapter: Chapter 699
2025-03-20 05:26:58,746 - epub_processor - INFO - Extracted chapter: Chapter 700
2025-03-20 05:26:58,764 - epub_processor - INFO - Extracted chapter: Chapter 701
2025-03-20 05:26:58,788 - epub_processor - INFO - Extracted chapter: Chapter 702
2025-03-20 05:26:58,807 - epub_processor - INFO - Extracted chapter: Chapter 703
2025-03-20 05:26:58,829 - epub_processor - INFO - Extracted chapter: Chapter 704
2025-03-20 05:26:58,852 - epub_processor - INFO - Extracted chapter: Chapter 705
2025-03-20 05:26:58,878 - epub_processor - INFO - Extracted chapter: Chapter 706
2025-03-20 05:26:58,896 - epub_processor - INFO - Extracted chapter: Chapter 707
2025-03-20 05:26:58,918 - epub_processor - INFO - Extracted chapter: Chapter 708
2025-03-20 05:26:58,934 - epub_processor - INFO - Extracted chapter: Chapter 709
2025-03-20 05:26:58,957 - epub_processor - INFO - Extracted chapter: Chapter 710
2025-03-20 05:26:58,976 - epub_processor - INFO - Extracted chapter: Chapter 711
2025-03-20 05:26:58,997 - epub_processor - INFO - Extracted chapter: Chapter 712
2025-03-20 05:26:59,022 - epub_processor - INFO - Extracted chapter: Chapter 713
2025-03-20 05:26:59,045 - epub_processor - INFO - Extracted chapter: Chapter 714
2025-03-20 05:26:59,065 - epub_processor - INFO - Extracted chapter: Chapter 715
2025-03-20 05:26:59,090 - epub_processor - INFO - Extracted chapter: Chapter 716
2025-03-20 05:26:59,113 - epub_processor - INFO - Extracted chapter: Chapter 717
2025-03-20 05:26:59,133 - epub_processor - INFO - Extracted chapter: Chapter 718
2025-03-20 05:26:59,149 - epub_processor - INFO - Extracted chapter: Chapter 719
2025-03-20 05:26:59,170 - epub_processor - INFO - Extracted chapter: Chapter 720
2025-03-20 05:26:59,186 - epub_processor - INFO - Extracted chapter: Chapter 721
2025-03-20 05:26:59,201 - epub_processor - INFO - Extracted chapter: Chapter 722
2025-03-20 05:26:59,218 - epub_processor - INFO - Extracted chapter: Chapter 723
2025-03-20 05:26:59,238 - epub_processor - INFO - Extracted chapter: Chapter 724
2025-03-20 05:26:59,256 - epub_processor - INFO - Extracted chapter: Chapter 725
2025-03-20 05:26:59,278 - epub_processor - INFO - Extracted chapter: Chapter 726
2025-03-20 05:26:59,295 - epub_processor - INFO - Extracted chapter: Chapter 727
2025-03-20 05:26:59,316 - epub_processor - INFO - Extracted chapter: Chapter 728
2025-03-20 05:26:59,330 - epub_processor - INFO - Extracted chapter: Chapter 729
2025-03-20 05:26:59,356 - epub_processor - INFO - Extracted chapter: Chapter 730
2025-03-20 05:26:59,374 - epub_processor - INFO - Extracted chapter: Chapter 731
2025-03-20 05:26:59,391 - epub_processor - INFO - Extracted chapter: Chapter 732
2025-03-20 05:26:59,413 - epub_processor - INFO - Extracted chapter: Chapter 733
2025-03-20 05:26:59,433 - epub_processor - INFO - Extracted chapter: Chapter 734
2025-03-20 05:26:59,451 - epub_processor - INFO - Extracted chapter: Chapter 735
2025-03-20 05:26:59,474 - epub_processor - INFO - Extracted chapter: Chapter 736
2025-03-20 05:26:59,491 - epub_processor - INFO - Extracted chapter: Chapter 737
2025-03-20 05:26:59,515 - epub_processor - INFO - Extracted chapter: Chapter 738
2025-03-20 05:26:59,531 - epub_processor - INFO - Extracted chapter: Chapter 739
2025-03-20 05:26:59,553 - epub_processor - INFO - Extracted chapter: Chapter 740
2025-03-20 05:26:59,568 - epub_processor - INFO - Extracted chapter: Chapter 741
2025-03-20 05:26:59,587 - epub_processor - INFO - Extracted chapter: Chapter 742
2025-03-20 05:26:59,604 - epub_processor - INFO - Extracted chapter: Chapter 743
2025-03-20 05:26:59,618 - epub_processor - INFO - Extracted chapter: Chapter 744
2025-03-20 05:26:59,635 - epub_processor - INFO - Extracted chapter: Chapter 745
2025-03-20 05:26:59,652 - epub_processor - INFO - Extracted chapter: Chapter 746
2025-03-20 05:26:59,669 - epub_processor - INFO - Extracted chapter: Chapter 747
2025-03-20 05:26:59,685 - epub_processor - INFO - Extracted chapter: Chapter 748
2025-03-20 05:26:59,701 - epub_processor - INFO - Extracted chapter: Chapter 749
2025-03-20 05:26:59,726 - epub_processor - INFO - Extracted chapter: Chapter 750
2025-03-20 05:26:59,751 - epub_processor - INFO - Extracted chapter: Chapter 751
2025-03-20 05:26:59,770 - epub_processor - INFO - Extracted chapter: Chapter 752
2025-03-20 05:26:59,788 - epub_processor - INFO - Extracted chapter: Chapter 753
2025-03-20 05:26:59,813 - epub_processor - INFO - Extracted chapter: Chapter 754
2025-03-20 05:26:59,830 - epub_processor - INFO - Extracted chapter: Chapter 755
2025-03-20 05:26:59,850 - epub_processor - INFO - Extracted chapter: Chapter 756
2025-03-20 05:26:59,868 - epub_processor - INFO - Extracted chapter: Chapter 757
2025-03-20 05:26:59,889 - epub_processor - INFO - Extracted chapter: Chapter 758
2025-03-20 05:26:59,912 - epub_processor - INFO - Extracted chapter: Chapter 759
2025-03-20 05:26:59,930 - epub_processor - INFO - Extracted chapter: Chapter 760
2025-03-20 05:26:59,948 - epub_processor - INFO - Extracted chapter: Chapter 761
2025-03-20 05:26:59,963 - epub_processor - INFO - Extracted chapter: Chapter 762
2025-03-20 05:26:59,985 - epub_processor - INFO - Extracted chapter: Chapter 763
2025-03-20 05:27:00,003 - epub_processor - INFO - Extracted chapter: Chapter 764
2025-03-20 05:27:00,020 - epub_processor - INFO - Extracted chapter: Chapter 765
2025-03-20 05:27:00,035 - epub_processor - INFO - Extracted chapter: Chapter 766
2025-03-20 05:27:00,048 - epub_processor - INFO - Extracted chapter: Chapter 767
2025-03-20 05:27:00,067 - epub_processor - INFO - Extracted chapter: Chapter 768
2025-03-20 05:27:00,091 - epub_processor - INFO - Extracted chapter: Chapter 769
2025-03-20 05:27:00,108 - epub_processor - INFO - Extracted chapter: Chapter 770
2025-03-20 05:27:00,129 - epub_processor - INFO - Extracted chapter: Chapter 771
2025-03-20 05:27:00,147 - epub_processor - INFO - Extracted chapter: Chapter 772
2025-03-20 05:27:00,174 - epub_processor - INFO - Extracted chapter: Chapter 773
2025-03-20 05:27:00,194 - epub_processor - INFO - Extracted chapter: Chapter 774
2025-03-20 05:27:00,218 - epub_processor - INFO - Extracted chapter: Chapter 775
2025-03-20 05:27:00,243 - epub_processor - INFO - Extracted chapter: Chapter 776
2025-03-20 05:27:00,259 - epub_processor - INFO - Extracted chapter: Chapter 777
2025-03-20 05:27:00,274 - epub_processor - INFO - Extracted chapter: Chapter 778
2025-03-20 05:27:00,299 - epub_processor - INFO - Extracted chapter: Chapter 779
2025-03-20 05:27:00,315 - epub_processor - INFO - Extracted chapter: Chapter 780
2025-03-20 05:27:00,338 - epub_processor - INFO - Extracted chapter: Chapter 781
2025-03-20 05:27:00,354 - epub_processor - INFO - Extracted chapter: Chapter 782
2025-03-20 05:27:00,371 - epub_processor - INFO - Extracted chapter: Chapter 783
2025-03-20 05:27:00,388 - epub_processor - INFO - Extracted chapter: Chapter 784
2025-03-20 05:27:00,403 - epub_processor - INFO - Extracted chapter: Chapter 785
2025-03-20 05:27:00,419 - epub_processor - INFO - Extracted chapter: Chapter 786
2025-03-20 05:27:00,446 - epub_processor - INFO - Extracted chapter: Chapter 787
2025-03-20 05:27:00,467 - epub_processor - INFO - Extracted chapter: Chapter 788
2025-03-20 05:27:00,485 - epub_processor - INFO - Extracted chapter: Chapter 789
2025-03-20 05:27:00,501 - epub_processor - INFO - Extracted chapter: Chapter 790
2025-03-20 05:27:00,520 - epub_processor - INFO - Extracted chapter: Chapter 791
2025-03-20 05:27:00,538 - epub_processor - INFO - Extracted chapter: Chapter 792
2025-03-20 05:27:00,554 - epub_processor - INFO - Extracted chapter: Chapter 793
2025-03-20 05:27:00,578 - epub_processor - INFO - Extracted chapter: Chapter 794
2025-03-20 05:27:00,599 - epub_processor - INFO - Extracted chapter: Chapter 795
2025-03-20 05:27:00,616 - epub_processor - INFO - Extracted chapter: Chapter 796
2025-03-20 05:27:00,636 - epub_processor - INFO - Extracted chapter: Chapter 797
2025-03-20 05:27:00,654 - epub_processor - INFO - Extracted chapter: Chapter 798
2025-03-20 05:27:00,679 - epub_processor - INFO - Extracted chapter: Chapter 799
2025-03-20 05:27:00,703 - epub_processor - INFO - Extracted chapter: Chapter 800
2025-03-20 05:27:00,721 - epub_processor - INFO - Extracted chapter: Chapter 801
2025-03-20 05:27:00,744 - epub_processor - INFO - Extracted chapter: Chapter 802
2025-03-20 05:27:00,762 - epub_processor - INFO - Extracted chapter: Chapter 803
2025-03-20 05:27:00,779 - epub_processor - INFO - Extracted chapter: Chapter 804
2025-03-20 05:27:00,794 - epub_processor - INFO - Extracted chapter: Chapter 805
2025-03-20 05:27:00,812 - epub_processor - INFO - Extracted chapter: Chapter 806
2025-03-20 05:27:00,827 - epub_processor - INFO - Extracted chapter: Chapter 807
2025-03-20 05:27:00,843 - epub_processor - INFO - Extracted chapter: Chapter 808
2025-03-20 05:27:00,863 - epub_processor - INFO - Extracted chapter: Chapter 809
2025-03-20 05:27:00,880 - epub_processor - INFO - Extracted chapter: Chapter 810
2025-03-20 05:27:00,897 - epub_processor - INFO - Extracted chapter: Chapter 811
2025-03-20 05:27:00,915 - epub_processor - INFO - Extracted chapter: Chapter 812
2025-03-20 05:27:00,942 - epub_processor - INFO - Extracted chapter: Chapter 813
2025-03-20 05:27:00,965 - epub_processor - INFO - Extracted chapter: Chapter 814
2025-03-20 05:27:00,985 - epub_processor - INFO - Extracted chapter: Chapter 815
2025-03-20 05:27:01,015 - epub_processor - INFO - Extracted chapter: Chapter 816
2025-03-20 05:27:01,032 - epub_processor - INFO - Extracted chapter: Chapter 817
2025-03-20 05:27:01,051 - epub_processor - INFO - Extracted chapter: Chapter 818
2025-03-20 05:27:01,068 - epub_processor - INFO - Extracted chapter: Chapter 819
2025-03-20 05:27:01,092 - epub_processor - INFO - Extracted chapter: Chapter 820
2025-03-20 05:27:01,113 - epub_processor - INFO - Extracted chapter: Chapter 821
2025-03-20 05:27:01,138 - epub_processor - INFO - Extracted chapter: Chapter 822
2025-03-20 05:27:01,163 - epub_processor - INFO - Extracted chapter: Chapter 823
2025-03-20 05:27:01,188 - epub_processor - INFO - Extracted chapter: Chapter 824
2025-03-20 05:27:01,222 - epub_processor - INFO - Extracted chapter: Chapter 825
2025-03-20 05:27:01,246 - epub_processor - INFO - Extracted chapter: Chapter 826
2025-03-20 05:27:01,270 - epub_processor - INFO - Extracted chapter: Chapter 827
2025-03-20 05:27:01,295 - epub_processor - INFO - Extracted chapter: Chapter 828
2025-03-20 05:27:01,321 - epub_processor - INFO - Extracted chapter: Chapter 829
2025-03-20 05:27:01,337 - epub_processor - INFO - Extracted chapter: Chapter 830
2025-03-20 05:27:01,359 - epub_processor - INFO - Extracted chapter: Chapter 831
2025-03-20 05:27:01,379 - epub_processor - INFO - Extracted chapter: Chapter 832
2025-03-20 05:27:01,395 - epub_processor - INFO - Extracted chapter: Chapter 833
2025-03-20 05:27:01,413 - epub_processor - INFO - Extracted chapter: Chapter 834
2025-03-20 05:27:01,437 - epub_processor - INFO - Extracted chapter: Chapter 835
2025-03-20 05:27:01,455 - epub_processor - INFO - Extracted chapter: Chapter 836
2025-03-20 05:27:01,479 - epub_processor - INFO - Extracted chapter: Chapter 837
2025-03-20 05:27:01,496 - epub_processor - INFO - Extracted chapter: Chapter 838
2025-03-20 05:27:01,522 - epub_processor - INFO - Extracted chapter: Chapter 839
2025-03-20 05:27:01,544 - epub_processor - INFO - Extracted chapter: Chapter 840
2025-03-20 05:27:01,572 - epub_processor - INFO - Extracted chapter: Chapter 841
2025-03-20 05:27:01,597 - epub_processor - INFO - Extracted chapter: Chapter 842
2025-03-20 05:27:01,620 - epub_processor - INFO - Extracted chapter: Chapter 843
2025-03-20 05:27:01,638 - epub_processor - INFO - Extracted chapter: Chapter 844
2025-03-20 05:27:01,656 - epub_processor - INFO - Extracted chapter: Chapter 845
2025-03-20 05:27:01,671 - epub_processor - INFO - Extracted chapter: Chapter 846
2025-03-20 05:27:01,693 - epub_processor - INFO - Extracted chapter: Chapter 847
2025-03-20 05:27:01,724 - epub_processor - INFO - Extracted chapter: Chapter 848
2025-03-20 05:27:01,751 - epub_processor - INFO - Extracted chapter: Chapter 849
2025-03-20 05:27:01,778 - epub_processor - INFO - Extracted chapter: Chapter 850
2025-03-20 05:27:01,796 - epub_processor - INFO - Extracted chapter: Chapter 851
2025-03-20 05:27:01,812 - epub_processor - INFO - Extracted chapter: Chapter 852
2025-03-20 05:27:01,828 - epub_processor - INFO - Extracted chapter: Chapter 853
2025-03-20 05:27:01,851 - epub_processor - INFO - Extracted chapter: Chapter 854
2025-03-20 05:27:01,877 - epub_processor - INFO - Extracted chapter: Chapter 855
2025-03-20 05:27:01,901 - epub_processor - INFO - Extracted chapter: Chapter 856
2025-03-20 05:27:01,918 - epub_processor - INFO - Extracted chapter: Chapter 857
2025-03-20 05:27:01,936 - epub_processor - INFO - Extracted chapter: Chapter 858
2025-03-20 05:27:01,956 - epub_processor - INFO - Extracted chapter: Chapter 859
2025-03-20 05:27:01,980 - epub_processor - INFO - Extracted chapter: Chapter 860
2025-03-20 05:27:02,002 - epub_processor - INFO - Extracted chapter: Chapter 861
2025-03-20 05:27:02,019 - epub_processor - INFO - Extracted chapter: Chapter 862
2025-03-20 05:27:02,035 - epub_processor - INFO - Extracted chapter: Chapter 863
2025-03-20 05:27:02,053 - epub_processor - INFO - Extracted chapter: Chapter 864
2025-03-20 05:27:02,068 - epub_processor - INFO - Extracted chapter: Chapter 865
2025-03-20 05:27:02,086 - epub_processor - INFO - Extracted chapter: Chapter 866
2025-03-20 05:27:02,103 - epub_processor - INFO - Extracted chapter: Chapter 867
2025-03-20 05:27:02,121 - epub_processor - INFO - Extracted chapter: Chapter 868
2025-03-20 05:27:02,146 - epub_processor - INFO - Extracted chapter: Chapter 869
2025-03-20 05:27:02,165 - epub_processor - INFO - Extracted chapter: Chapter 870
2025-03-20 05:27:02,187 - epub_processor - INFO - Extracted chapter: Chapter 871
2025-03-20 05:27:02,206 - epub_processor - INFO - Extracted chapter: Chapter 872
2025-03-20 05:27:02,223 - epub_processor - INFO - Extracted chapter: Chapter 873
2025-03-20 05:27:02,241 - epub_processor - INFO - Extracted chapter: Chapter 874
2025-03-20 05:27:02,260 - epub_processor - INFO - Extracted chapter: Chapter 875
2025-03-20 05:27:02,277 - epub_processor - INFO - Extracted chapter: Chapter 876
2025-03-20 05:27:02,295 - epub_processor - INFO - Extracted chapter: Chapter 877
2025-03-20 05:27:02,315 - epub_processor - INFO - Extracted chapter: Chapter 878
2025-03-20 05:27:02,333 - epub_processor - INFO - Extracted chapter: Chapter 879
2025-03-20 05:27:02,352 - epub_processor - INFO - Extracted chapter: Chapter 880
2025-03-20 05:27:02,370 - epub_processor - INFO - Extracted chapter: Chapter 881
2025-03-20 05:27:02,392 - epub_processor - INFO - Extracted chapter: Chapter 882
2025-03-20 05:27:02,416 - epub_processor - INFO - Extracted chapter: Chapter 883
2025-03-20 05:27:02,435 - epub_processor - INFO - Extracted chapter: Chapter 884
2025-03-20 05:27:02,452 - epub_processor - INFO - Extracted chapter: Chapter 885
2025-03-20 05:27:02,468 - epub_processor - INFO - Extracted chapter: Chapter 886
2025-03-20 05:27:02,488 - epub_processor - INFO - Extracted chapter: Chapter 887
2025-03-20 05:27:02,508 - epub_processor - INFO - Extracted chapter: Chapter 888
2025-03-20 05:27:02,526 - epub_processor - INFO - Extracted chapter: Chapter 889
2025-03-20 05:27:02,547 - epub_processor - INFO - Extracted chapter: Chapter 890
2025-03-20 05:27:02,566 - epub_processor - INFO - Extracted chapter: Chapter 891
2025-03-20 05:27:02,587 - epub_processor - INFO - Extracted chapter: Chapter 892
2025-03-20 05:27:02,603 - epub_processor - INFO - Extracted chapter: Chapter 893
2025-03-20 05:27:02,617 - epub_processor - INFO - Extracted chapter: Chapter 894
2025-03-20 05:27:02,635 - epub_processor - INFO - Extracted chapter: Chapter 895
2025-03-20 05:27:02,653 - epub_processor - INFO - Extracted chapter: Chapter 896
2025-03-20 05:27:02,678 - epub_processor - INFO - Extracted chapter: Chapter 897
2025-03-20 05:27:02,695 - epub_processor - INFO - Extracted chapter: Chapter 898
2025-03-20 05:27:02,719 - epub_processor - INFO - Extracted chapter: Chapter 899
2025-03-20 05:27:02,740 - epub_processor - INFO - Extracted chapter: Chapter 900
2025-03-20 05:27:02,758 - epub_processor - INFO - Extracted chapter: Chapter 901
2025-03-20 05:27:02,778 - epub_processor - INFO - Extracted chapter: Chapter 902
2025-03-20 05:27:02,795 - epub_processor - INFO - Extracted chapter: Chapter 903
2025-03-20 05:27:02,811 - epub_processor - INFO - Extracted chapter: Chapter 904
2025-03-20 05:27:02,829 - epub_processor - INFO - Extracted chapter: Chapter 905
2025-03-20 05:27:02,850 - epub_processor - INFO - Extracted chapter: Chapter 906
2025-03-20 05:27:02,865 - epub_processor - INFO - Extracted chapter: Chapter 907
2025-03-20 05:27:02,882 - epub_processor - INFO - Extracted chapter: Chapter 908
2025-03-20 05:27:02,906 - epub_processor - INFO - Extracted chapter: Chapter 909
2025-03-20 05:27:02,928 - epub_processor - INFO - Extracted chapter: Chapter 910
2025-03-20 05:27:02,952 - epub_processor - INFO - Extracted chapter: Chapter 911
2025-03-20 05:27:02,977 - epub_processor - INFO - Extracted chapter: Chapter 912
2025-03-20 05:27:02,998 - epub_processor - INFO - Extracted chapter: Chapter 913
2025-03-20 05:27:03,015 - epub_processor - INFO - Extracted chapter: Chapter 914
2025-03-20 05:27:03,040 - epub_processor - INFO - Extracted chapter: Chapter 915
2025-03-20 05:27:03,057 - epub_processor - INFO - Extracted chapter: Chapter 916
2025-03-20 05:27:03,076 - epub_processor - INFO - Extracted chapter: Chapter 917
2025-03-20 05:27:03,102 - epub_processor - INFO - Extracted chapter: Chapter 918
2025-03-20 05:27:03,121 - epub_processor - INFO - Extracted chapter: Chapter 919
2025-03-20 05:27:03,137 - epub_processor - INFO - Extracted chapter: Chapter 920
2025-03-20 05:27:03,155 - epub_processor - INFO - Extracted chapter: Chapter 921
2025-03-20 05:27:03,181 - epub_processor - INFO - Extracted chapter: Chapter 922
2025-03-20 05:27:03,200 - epub_processor - INFO - Extracted chapter: Chapter 923
2025-03-20 05:27:03,216 - epub_processor - INFO - Extracted chapter: Chapter 924
2025-03-20 05:27:03,236 - epub_processor - INFO - Extracted chapter: Chapter 925
2025-03-20 05:27:03,274 - epub_processor - INFO - Extracted chapter: Chapter 926
2025-03-20 05:27:03,296 - epub_processor - INFO - Extracted chapter: Chapter 927
2025-03-20 05:27:03,323 - epub_processor - INFO - Extracted chapter: Chapter 928
2025-03-20 05:27:03,344 - epub_processor - INFO - Extracted chapter: Chapter 929
2025-03-20 05:27:03,361 - epub_processor - INFO - Extracted chapter: Chapter 930
2025-03-20 05:27:03,378 - epub_processor - INFO - Extracted chapter: Chapter 931
2025-03-20 05:27:03,394 - epub_processor - INFO - Extracted chapter: Chapter 932
2025-03-20 05:27:03,416 - epub_processor - INFO - Extracted chapter: Chapter 933
2025-03-20 05:27:03,434 - epub_processor - INFO - Extracted chapter: Chapter 934
2025-03-20 05:27:03,453 - epub_processor - INFO - Extracted chapter: Chapter 935
2025-03-20 05:27:03,476 - epub_processor - INFO - Extracted chapter: Chapter 936
2025-03-20 05:27:03,502 - epub_processor - INFO - Extracted chapter: Chapter 937
2025-03-20 05:27:03,523 - epub_processor - INFO - Extracted chapter: Chapter 938
2025-03-20 05:27:03,544 - epub_processor - INFO - Extracted chapter: Chapter 939
2025-03-20 05:27:03,569 - epub_processor - INFO - Extracted chapter: Chapter 940
2025-03-20 05:27:03,596 - epub_processor - INFO - Extracted chapter: Chapter 941
2025-03-20 05:27:03,619 - epub_processor - INFO - Extracted chapter: Chapter 942
2025-03-20 05:27:03,636 - epub_processor - INFO - Extracted chapter: Chapter 943
2025-03-20 05:27:03,663 - epub_processor - INFO - Extracted chapter: Chapter 944
2025-03-20 05:27:03,683 - epub_processor - INFO - Extracted chapter: Chapter 945
2025-03-20 05:27:03,700 - epub_processor - INFO - Extracted chapter: Chapter 946
2025-03-20 05:27:03,718 - epub_processor - INFO - Extracted chapter: Chapter 947
2025-03-20 05:27:03,744 - epub_processor - INFO - Extracted chapter: Chapter 948
2025-03-20 05:27:03,764 - epub_processor - INFO - Extracted chapter: Chapter 949
2025-03-20 05:27:03,781 - epub_processor - INFO - Extracted chapter: Chapter 950
2025-03-20 05:27:03,804 - epub_processor - INFO - Extracted chapter: Chapter 951
2025-03-20 05:27:03,832 - epub_processor - INFO - Extracted chapter: Chapter 952
2025-03-20 05:27:03,853 - epub_processor - INFO - Extracted chapter: Chapter 953
2025-03-20 05:27:03,869 - epub_processor - INFO - Extracted chapter: Chapter 954
2025-03-20 05:27:03,885 - epub_processor - INFO - Extracted chapter: Chapter 955
2025-03-20 05:27:03,903 - epub_processor - INFO - Extracted chapter: Chapter 956
2025-03-20 05:27:03,923 - epub_processor - INFO - Extracted chapter: Chapter 957
2025-03-20 05:27:03,947 - epub_processor - INFO - Extracted chapter: Chapter 958
2025-03-20 05:27:03,969 - epub_processor - INFO - Extracted chapter: Chapter 959
2025-03-20 05:27:03,990 - epub_processor - INFO - Extracted chapter: Chapter 960
2025-03-20 05:27:04,009 - epub_processor - INFO - Extracted chapter: Chapter 961
2025-03-20 05:27:04,027 - epub_processor - INFO - Extracted chapter: Chapter 962
2025-03-20 05:27:04,045 - epub_processor - INFO - Extracted chapter: Chapter 963
2025-03-20 05:27:04,067 - epub_processor - INFO - Extracted chapter: Chapter 964
2025-03-20 05:27:04,095 - epub_processor - INFO - Extracted chapter: Chapter 965
2025-03-20 05:27:04,118 - epub_processor - INFO - Extracted chapter: Chapter 966
2025-03-20 05:27:04,135 - epub_processor - INFO - Extracted chapter: Chapter 967
2025-03-20 05:27:04,155 - epub_processor - INFO - Extracted chapter: Chapter 968
2025-03-20 05:27:04,176 - epub_processor - INFO - Extracted chapter: Chapter 969
2025-03-20 05:27:04,193 - epub_processor - INFO - Extracted chapter: Chapter 970
2025-03-20 05:27:04,217 - epub_processor - INFO - Extracted chapter: Chapter 971
2025-03-20 05:27:04,244 - epub_processor - INFO - Extracted chapter: Chapter 972
2025-03-20 05:27:04,261 - epub_processor - INFO - Extracted chapter: Chapter 973
2025-03-20 05:27:04,277 - epub_processor - INFO - Extracted chapter: Chapter 974
2025-03-20 05:27:04,295 - epub_processor - INFO - Extracted chapter: Chapter 975
2025-03-20 05:27:04,320 - epub_processor - INFO - Extracted chapter: Chapter 976
2025-03-20 05:27:04,337 - epub_processor - INFO - Extracted chapter: Chapter 977
2025-03-20 05:27:04,363 - epub_processor - INFO - Extracted chapter: Chapter 978
2025-03-20 05:27:04,382 - epub_processor - INFO - Extracted chapter: Chapter 979
2025-03-20 05:27:04,399 - epub_processor - INFO - Extracted chapter: Chapter 980
2025-03-20 05:27:04,421 - epub_processor - INFO - Extracted chapter: Chapter 981
2025-03-20 05:27:04,449 - epub_processor - INFO - Extracted chapter: Chapter 982
2025-03-20 05:27:04,470 - epub_processor - INFO - Extracted chapter: Chapter 983
2025-03-20 05:27:04,492 - epub_processor - INFO - Extracted chapter: Chapter 984
2025-03-20 05:27:04,514 - epub_processor - INFO - Extracted chapter: Chapter 985
2025-03-20 05:27:04,538 - epub_processor - INFO - Extracted chapter: Chapter 986
2025-03-20 05:27:04,563 - epub_processor - INFO - Extracted chapter: Chapter 987
2025-03-20 05:27:04,587 - epub_processor - INFO - Extracted chapter: Chapter 988
2025-03-20 05:27:04,606 - epub_processor - INFO - Extracted chapter: Chapter 989
2025-03-20 05:27:04,627 - epub_processor - INFO - Extracted chapter: Chapter 990
2025-03-20 05:27:04,652 - epub_processor - INFO - Extracted chapter: Chapter 991
2025-03-20 05:27:04,670 - epub_processor - INFO - Extracted chapter: Chapter 992
2025-03-20 05:27:04,686 - epub_processor - INFO - Extracted chapter: Chapter 993
2025-03-20 05:27:04,703 - epub_processor - INFO - Extracted chapter: Chapter 994
2025-03-20 05:27:04,728 - epub_processor - INFO - Extracted chapter: Chapter 995
2025-03-20 05:27:04,746 - epub_processor - INFO - Extracted chapter: Chapter 996
2025-03-20 05:27:04,763 - epub_processor - INFO - Extracted chapter: Chapter 997
2025-03-20 05:27:04,785 - epub_processor - INFO - Extracted chapter: Chapter 998
2025-03-20 05:27:04,802 - epub_processor - INFO - Extracted chapter: Chapter 999
2025-03-20 05:27:04,817 - epub_processor - INFO - Extracted chapter: Chapter 1000
2025-03-20 05:27:04,840 - epub_processor - INFO - Extracted chapter: Chapter 1001
2025-03-20 05:27:04,857 - epub_processor - INFO - Extracted chapter: Chapter 1002
2025-03-20 05:27:04,872 - epub_processor - INFO - Extracted chapter: Chapter 1003
2025-03-20 05:27:04,890 - epub_processor - INFO - Extracted chapter: Chapter 1004
2025-03-20 05:27:04,913 - epub_processor - INFO - Extracted chapter: Chapter 1005
2025-03-20 05:27:04,938 - epub_processor - INFO - Extracted chapter: Chapter 1006
2025-03-20 05:27:04,963 - epub_processor - INFO - Extracted chapter: Chapter 1007
2025-03-20 05:27:04,988 - epub_processor - INFO - Extracted chapter: Chapter 1008
2025-03-20 05:27:05,006 - epub_processor - INFO - Extracted chapter: Chapter 1009
2025-03-20 05:27:05,026 - epub_processor - INFO - Extracted chapter: Chapter 1010
2025-03-20 05:27:05,045 - epub_processor - INFO - Extracted chapter: Chapter 1011
2025-03-20 05:27:05,074 - epub_processor - INFO - Extracted chapter: Chapter 1012
2025-03-20 05:27:05,097 - epub_processor - INFO - Extracted chapter: Chapter 1013
2025-03-20 05:27:05,115 - epub_processor - INFO - Extracted chapter: Chapter 1014
2025-03-20 05:27:05,130 - epub_processor - INFO - Extracted chapter: Chapter 1015
2025-03-20 05:27:05,148 - epub_processor - INFO - Extracted chapter: Chapter 1016
2025-03-20 05:27:05,170 - epub_processor - INFO - Extracted chapter: Chapter 1017
2025-03-20 05:27:05,186 - epub_processor - INFO - Extracted chapter: Chapter 1018
2025-03-20 05:27:05,208 - epub_processor - INFO - Extracted chapter: Chapter 1019
2025-03-20 05:27:05,235 - epub_processor - INFO - Extracted chapter: Chapter 1020
2025-03-20 05:27:05,257 - epub_processor - INFO - Extracted chapter: Chapter 1021
2025-03-20 05:27:05,278 - epub_processor - INFO - Extracted chapter: Chapter 1022
2025-03-20 05:27:05,297 - epub_processor - INFO - Extracted chapter: Chapter 1023
2025-03-20 05:27:05,323 - epub_processor - INFO - Extracted chapter: Chapter 1024
2025-03-20 05:27:05,345 - epub_processor - INFO - Extracted chapter: Chapter 1025
2025-03-20 05:27:05,371 - epub_processor - INFO - Extracted chapter: Chapter 1026
2025-03-20 05:27:05,400 - epub_processor - INFO - Extracted chapter: Chapter 1027
2025-03-20 05:27:05,427 - epub_processor - INFO - Extracted chapter: Chapter 1028
2025-03-20 05:27:05,450 - epub_processor - INFO - Extracted chapter: Chapter 1029
2025-03-20 05:27:05,466 - epub_processor - INFO - Extracted chapter: Chapter 1030
2025-03-20 05:27:05,487 - epub_processor - INFO - Extracted chapter: Chapter 1031
2025-03-20 05:27:05,504 - epub_processor - INFO - Extracted chapter: Chapter 1032
2025-03-20 05:27:05,520 - epub_processor - INFO - Extracted chapter: Chapter 1033
2025-03-20 05:27:05,543 - epub_processor - INFO - Extracted chapter: Chapter 1034
2025-03-20 05:27:05,566 - epub_processor - INFO - Extracted chapter: Chapter 1035
2025-03-20 05:27:05,592 - epub_processor - INFO - Extracted chapter: Chapter 1036
2025-03-20 05:27:05,614 - epub_processor - INFO - Extracted chapter: Chapter 1037
2025-03-20 05:27:05,642 - epub_processor - INFO - Extracted chapter: Chapter 1038
2025-03-20 05:27:05,660 - epub_processor - INFO - Extracted chapter: Chapter 1039
2025-03-20 05:27:05,675 - epub_processor - INFO - Extracted chapter: Chapter 1040
2025-03-20 05:27:05,696 - epub_processor - INFO - Extracted chapter: Chapter 1041
2025-03-20 05:27:05,714 - epub_processor - INFO - Extracted chapter: Chapter 1042
2025-03-20 05:27:05,735 - epub_processor - INFO - Extracted chapter: Chapter 1043
2025-03-20 05:27:05,756 - epub_processor - INFO - Extracted chapter: Chapter 1044
2025-03-20 05:27:05,779 - epub_processor - INFO - Extracted chapter: Chapter 1045
2025-03-20 05:27:05,798 - epub_processor - INFO - Extracted chapter: Chapter 1046
2025-03-20 05:27:05,817 - epub_processor - INFO - Extracted chapter: Chapter 1047
2025-03-20 05:27:05,835 - epub_processor - INFO - Extracted chapter: Chapter 1048
2025-03-20 05:27:05,856 - epub_processor - INFO - Extracted chapter: Chapter 1049
2025-03-20 05:27:05,879 - epub_processor - INFO - Extracted chapter: Chapter 1050
2025-03-20 05:27:05,898 - epub_processor - INFO - Extracted chapter: Chapter 1051
2025-03-20 05:27:05,916 - epub_processor - INFO - Extracted chapter: Chapter 1052
2025-03-20 05:27:05,942 - epub_processor - INFO - Extracted chapter: Chapter 1053
2025-03-20 05:27:05,969 - epub_processor - INFO - Extracted chapter: Chapter 1054
2025-03-20 05:27:05,986 - epub_processor - INFO - Extracted chapter: Chapter 1055
2025-03-20 05:27:06,002 - epub_processor - INFO - Extracted chapter: Chapter 1056
2025-03-20 05:27:06,020 - epub_processor - INFO - Extracted chapter: Chapter 1057
2025-03-20 05:27:06,046 - epub_processor - INFO - Extracted chapter: Chapter 1058
2025-03-20 05:27:06,075 - epub_processor - INFO - Extracted chapter: Chapter 1059
2025-03-20 05:27:06,093 - epub_processor - INFO - Extracted chapter: Chapter 1060
2025-03-20 05:27:06,116 - epub_processor - INFO - Extracted chapter: Chapter 1061
2025-03-20 05:27:06,137 - epub_processor - INFO - Extracted chapter: Chapter 1062
2025-03-20 05:27:06,155 - epub_processor - INFO - Extracted chapter: Chapter 1063
2025-03-20 05:27:06,183 - epub_processor - INFO - Extracted chapter: Chapter 1064
2025-03-20 05:27:06,202 - epub_processor - INFO - Extracted chapter: Chapter 1065
2025-03-20 05:27:06,220 - epub_processor - INFO - Extracted chapter: Chapter 1066
2025-03-20 05:27:06,237 - epub_processor - INFO - Extracted chapter: Chapter 1067
2025-03-20 05:27:06,261 - epub_processor - INFO - Extracted chapter: Chapter 1068
2025-03-20 05:27:06,286 - epub_processor - INFO - Extracted chapter: Chapter 1069
2025-03-20 05:27:06,306 - epub_processor - INFO - Extracted chapter: Chapter 1070
2025-03-20 05:27:06,325 - epub_processor - INFO - Extracted chapter: Chapter 1071
2025-03-20 05:27:06,341 - epub_processor - INFO - Extracted chapter: Chapter 1072
2025-03-20 05:27:06,361 - epub_processor - INFO - Extracted chapter: Chapter 1073
2025-03-20 05:27:06,378 - epub_processor - INFO - Extracted chapter: Chapter 1074
2025-03-20 05:27:06,394 - epub_processor - INFO - Extracted chapter: Chapter 1075
2025-03-20 05:27:06,409 - epub_processor - INFO - Extracted chapter: Chapter 1076
2025-03-20 05:27:06,434 - epub_processor - INFO - Extracted chapter: Chapter 1077
2025-03-20 05:27:06,459 - epub_processor - INFO - Extracted chapter: Chapter 1078
2025-03-20 05:27:06,483 - epub_processor - INFO - Extracted chapter: Chapter 1079
2025-03-20 05:27:06,501 - epub_processor - INFO - Extracted chapter: Chapter 1080
2025-03-20 05:27:06,526 - epub_processor - INFO - Extracted chapter: Chapter 1081
2025-03-20 05:27:06,552 - epub_processor - INFO - Extracted chapter: Chapter 1082
2025-03-20 05:27:06,569 - epub_processor - INFO - Extracted chapter: Chapter 1083
2025-03-20 05:27:06,591 - epub_processor - INFO - Extracted chapter: Chapter 1084
2025-03-20 05:27:06,617 - epub_processor - INFO - Extracted chapter: Chapter 1085
2025-03-20 05:27:06,635 - epub_processor - INFO - Extracted chapter: Chapter 1086
2025-03-20 05:27:06,652 - epub_processor - INFO - Extracted chapter: Chapter 1087
2025-03-20 05:27:06,667 - epub_processor - INFO - Extracted chapter: Chapter 1088
2025-03-20 05:27:06,683 - epub_processor - INFO - Extracted chapter: Chapter 1089
2025-03-20 05:27:06,705 - epub_processor - INFO - Extracted chapter: Chapter 1090
2025-03-20 05:27:06,723 - epub_processor - INFO - Extracted chapter: Chapter 1091
2025-03-20 05:27:06,738 - epub_processor - INFO - Extracted chapter: Chapter 1092
2025-03-20 05:27:06,755 - epub_processor - INFO - Extracted chapter: Chapter 1093
2025-03-20 05:27:06,776 - epub_processor - INFO - Extracted chapter: Chapter 1094
2025-03-20 05:27:06,797 - epub_processor - INFO - Extracted chapter: Chapter 1095
2025-03-20 05:27:06,823 - epub_processor - INFO - Extracted chapter: Chapter 1096
2025-03-20 05:27:06,840 - epub_processor - INFO - Extracted chapter: Chapter 1097
2025-03-20 05:27:06,866 - epub_processor - INFO - Extracted chapter: Chapter 1098
2025-03-20 05:27:06,881 - epub_processor - INFO - Extracted chapter: Chapter 1099
2025-03-20 05:27:06,901 - epub_processor - INFO - Extracted chapter: Chapter 1100
2025-03-20 05:27:06,925 - epub_processor - INFO - Extracted chapter: Chapter 1101
2025-03-20 05:27:06,948 - epub_processor - INFO - Extracted chapter: Chapter 1102
2025-03-20 05:27:06,970 - epub_processor - INFO - Extracted chapter: Chapter 1103
2025-03-20 05:27:06,991 - epub_processor - INFO - Extracted chapter: Chapter 1104
2025-03-20 05:27:07,016 - epub_processor - INFO - Extracted chapter: Chapter 1105
2025-03-20 05:27:07,035 - epub_processor - INFO - Extracted chapter: Chapter 1106
2025-03-20 05:27:07,051 - epub_processor - INFO - Extracted chapter: Chapter 1107
2025-03-20 05:27:07,072 - epub_processor - INFO - Extracted chapter: Chapter 1108
2025-03-20 05:27:07,093 - epub_processor - INFO - Extracted chapter: Chapter 1109
2025-03-20 05:27:07,110 - epub_processor - INFO - Extracted chapter: Chapter 1110
2025-03-20 05:27:07,132 - epub_processor - INFO - Extracted chapter: Chapter 1111
2025-03-20 05:27:07,152 - epub_processor - INFO - Extracted chapter: Chapter 1112
2025-03-20 05:27:07,172 - epub_processor - INFO - Extracted chapter: Chapter 1113
2025-03-20 05:27:07,196 - epub_processor - INFO - Extracted chapter: Chapter 1114
2025-03-20 05:27:07,223 - epub_processor - INFO - Extracted chapter: Chapter 1115
2025-03-20 05:27:07,241 - epub_processor - INFO - Extracted chapter: Chapter 1116
2025-03-20 05:27:07,259 - epub_processor - INFO - Extracted chapter: Chapter 1117
2025-03-20 05:27:07,281 - epub_processor - INFO - Extracted chapter: Chapter 1118
2025-03-20 05:27:07,305 - epub_processor - INFO - Extracted chapter: Chapter 1119
2025-03-20 05:27:07,324 - epub_processor - INFO - Extracted chapter: Chapter 1120
2025-03-20 05:27:07,341 - epub_processor - INFO - Extracted chapter: Chapter 1121
2025-03-20 05:27:07,366 - epub_processor - INFO - Extracted chapter: Chapter 1122
2025-03-20 05:27:07,384 - epub_processor - INFO - Extracted chapter: Chapter 1123
2025-03-20 05:27:07,410 - epub_processor - INFO - Extracted chapter: Chapter 1124
2025-03-20 05:27:07,427 - epub_processor - INFO - Extracted chapter: Chapter 1125
2025-03-20 05:27:07,444 - epub_processor - INFO - Extracted chapter: Chapter 1126
2025-03-20 05:27:07,465 - epub_processor - INFO - Extracted chapter: Chapter 1127
2025-03-20 05:27:07,487 - epub_processor - INFO - Extracted chapter: Chapter 1128
2025-03-20 05:27:07,506 - epub_processor - INFO - Extracted chapter: Chapter 1129
2025-03-20 05:27:07,525 - epub_processor - INFO - Extracted chapter: Chapter 1130
2025-03-20 05:27:07,546 - epub_processor - INFO - Extracted chapter: Chapter 1131
2025-03-20 05:27:07,569 - epub_processor - INFO - Extracted chapter: Chapter 1132
2025-03-20 05:27:07,587 - epub_processor - INFO - Extracted chapter: Chapter 1133
2025-03-20 05:27:07,615 - epub_processor - INFO - Extracted chapter: Chapter 1134
2025-03-20 05:27:07,637 - epub_processor - INFO - Extracted chapter: Chapter 1135
2025-03-20 05:27:07,664 - epub_processor - INFO - Extracted chapter: Chapter 1136
2025-03-20 05:27:07,695 - epub_processor - INFO - Extracted chapter: Chapter 1137
2025-03-20 05:27:07,713 - epub_processor - INFO - Extracted chapter: Chapter 1138
2025-03-20 05:27:07,729 - epub_processor - INFO - Extracted chapter: Chapter 1139
2025-03-20 05:27:07,746 - epub_processor - INFO - Extracted chapter: Chapter 1140
2025-03-20 05:27:07,772 - epub_processor - INFO - Extracted chapter: Chapter 1141
2025-03-20 05:27:07,791 - epub_processor - INFO - Extracted chapter: Chapter 1142
2025-03-20 05:27:07,808 - epub_processor - INFO - Extracted chapter: Chapter 1143
2025-03-20 05:27:07,827 - epub_processor - INFO - Extracted chapter: Chapter 1144
2025-03-20 05:27:07,843 - epub_processor - INFO - Extracted chapter: Chapter 1145
2025-03-20 05:27:07,866 - epub_processor - INFO - Extracted chapter: Chapter 1146
2025-03-20 05:27:07,883 - epub_processor - INFO - Extracted chapter: Chapter 1147
2025-03-20 05:27:07,908 - epub_processor - INFO - Extracted chapter: Chapter 1148
2025-03-20 05:27:07,925 - epub_processor - INFO - Extracted chapter: Chapter 1149
2025-03-20 05:27:07,951 - epub_processor - INFO - Extracted chapter: Chapter 1150
2025-03-20 05:27:07,969 - epub_processor - INFO - Extracted chapter: Chapter 1151
2025-03-20 05:27:07,985 - epub_processor - INFO - Extracted chapter: Chapter 1152
2025-03-20 05:27:08,000 - epub_processor - INFO - Extracted chapter: Chapter 1153
2025-03-20 05:27:08,021 - epub_processor - INFO - Extracted chapter: Chapter 1154
2025-03-20 05:27:08,044 - epub_processor - INFO - Extracted chapter: Chapter 1155
2025-03-20 05:27:08,066 - epub_processor - INFO - Extracted chapter: Chapter 1156
2025-03-20 05:27:08,092 - epub_processor - INFO - Extracted chapter: Chapter 1157
2025-03-20 05:27:08,112 - epub_processor - INFO - Extracted chapter: Chapter 1158
2025-03-20 05:27:08,139 - epub_processor - INFO - Extracted chapter: Chapter 1159
2025-03-20 05:27:08,156 - epub_processor - INFO - Extracted chapter: Chapter 1160
2025-03-20 05:27:08,178 - epub_processor - INFO - Extracted chapter: Chapter 1161
2025-03-20 05:27:08,202 - epub_processor - INFO - Extracted chapter: Chapter 1162
2025-03-20 05:27:08,222 - epub_processor - INFO - Extracted chapter: Chapter 1163
2025-03-20 05:27:08,246 - epub_processor - INFO - Extracted chapter: Chapter 1164
2025-03-20 05:27:08,263 - epub_processor - INFO - Extracted chapter: Chapter 1165
2025-03-20 05:27:08,286 - epub_processor - INFO - Extracted chapter: Chapter 1166
2025-03-20 05:27:08,303 - epub_processor - INFO - Extracted chapter: Chapter 1167
2025-03-20 05:27:08,318 - epub_processor - INFO - Extracted chapter: Chapter 1168
2025-03-20 05:27:08,334 - epub_processor - INFO - Extracted chapter: Chapter 1169
2025-03-20 05:27:08,352 - epub_processor - INFO - Extracted chapter: Chapter 1170
2025-03-20 05:27:08,374 - epub_processor - INFO - Extracted chapter: Chapter 1171
2025-03-20 05:27:08,397 - epub_processor - INFO - Extracted chapter: Chapter 1172
2025-03-20 05:27:08,413 - epub_processor - INFO - Extracted chapter: Chapter 1173
2025-03-20 05:27:08,432 - epub_processor - INFO - Extracted chapter: Chapter 1174
2025-03-20 05:27:08,449 - epub_processor - INFO - Extracted chapter: Chapter 1175
2025-03-20 05:27:08,465 - epub_processor - INFO - Extracted chapter: Chapter 1176
2025-03-20 05:27:08,480 - epub_processor - INFO - Extracted chapter: Chapter 1177
2025-03-20 05:27:08,499 - epub_processor - INFO - Extracted chapter: Chapter 1178
2025-03-20 05:27:08,524 - epub_processor - INFO - Extracted chapter: Chapter 1179
2025-03-20 05:27:08,540 - epub_processor - INFO - Extracted chapter: Chapter 1180
2025-03-20 05:27:08,560 - epub_processor - INFO - Extracted chapter: Chapter 1181
2025-03-20 05:27:08,575 - epub_processor - INFO - Extracted chapter: Chapter 1182
2025-03-20 05:27:08,592 - epub_processor - INFO - Extracted chapter: Chapter 1183
2025-03-20 05:27:08,611 - epub_processor - INFO - Extracted chapter: Chapter 1184
2025-03-20 05:27:08,635 - epub_processor - INFO - Extracted chapter: Chapter 1185
2025-03-20 05:27:08,653 - epub_processor - INFO - Extracted chapter: Chapter 1186
2025-03-20 05:27:08,667 - epub_processor - INFO - Extracted chapter: Chapter 1187
2025-03-20 05:27:08,683 - epub_processor - INFO - Extracted chapter: Chapter 1188
2025-03-20 05:27:08,699 - epub_processor - INFO - Extracted chapter: Chapter 1189
2025-03-20 05:27:08,720 - epub_processor - INFO - Extracted chapter: Chapter 1190
2025-03-20 05:27:08,736 - epub_processor - INFO - Extracted chapter: Chapter 1191
2025-03-20 05:27:08,756 - epub_processor - INFO - Extracted chapter: Chapter 1192
2025-03-20 05:27:08,777 - epub_processor - INFO - Extracted chapter: Chapter 1193
2025-03-20 05:27:08,806 - epub_processor - INFO - Extracted chapter: Chapter 1194
2025-03-20 05:27:09,307 - epub_processor - INFO - Saved 1194 chapters for lotr to processing\epub_content\lotr
2025-03-20 05:27:09,309 - epub_processor - INFO - Processing The Silmarillion by J.R.R. Tolkien.epub
2025-03-20 05:27:09,309 - epub_processor - INFO - Identified The Silmarillion by J.R.R. Tolkien.epub as The Silmarillion (First Age)
2025-03-20 05:27:09,417 - epub_processor - INFO - Extracted The Silmarillion by J.R.R. Tolkien.epub to processing\temp\silmarillion
2025-03-20 05:27:09,433 - epub_processor - INFO - Found 83 content files in The Silmarillion by J.R.R. Tolkien.epub
2025-03-20 05:27:09,471 - epub_processor - INFO - Extracted chapter: Chapter 1
2025-03-20 05:27:09,487 - epub_processor - INFO - Extracted chapter: Chapter 2
2025-03-20 05:27:09,509 - epub_processor - INFO - Extracted chapter: Chapter 3
2025-03-20 05:27:09,536 - epub_processor - INFO - Extracted chapter: Chapter 4
2025-03-20 05:27:09,562 - epub_processor - INFO - Extracted chapter: Chapter 5
2025-03-20 05:27:09,599 - epub_processor - INFO - Extracted chapter: Chapter 6
2025-03-20 05:27:09,619 - epub_processor - INFO - Extracted chapter: Chapter 7
2025-03-20 05:27:09,640 - epub_processor - INFO - Extracted chapter: Chapter 8
2025-03-20 05:27:09,657 - epub_processor - INFO - Extracted chapter: Chapter 9
2025-03-20 05:27:09,677 - epub_processor - INFO - Extracted chapter: Chapter 10
2025-03-20 05:27:09,691 - epub_processor - INFO - Extracted chapter: Chapter 11
2025-03-20 05:27:09,706 - epub_processor - INFO - Extracted chapter: Chapter 12
2025-03-20 05:27:09,727 - epub_processor - INFO - Extracted chapter: Chapter 13
2025-03-20 05:27:09,746 - epub_processor - INFO - Extracted chapter: Chapter 14
2025-03-20 05:27:09,762 - epub_processor - INFO - Extracted chapter: Chapter 15
2025-03-20 05:27:09,776 - epub_processor - INFO - Extracted chapter: Chapter 16
2025-03-20 05:27:09,793 - epub_processor - INFO - Extracted chapter: Chapter 17
2025-03-20 05:27:09,807 - epub_processor - INFO - Extracted chapter: Chapter 18
2025-03-20 05:27:09,824 - epub_processor - INFO - Extracted chapter: Chapter 19
2025-03-20 05:27:09,842 - epub_processor - INFO - Extracted chapter: Chapter 20
2025-03-20 05:27:09,859 - epub_processor - INFO - Extracted chapter: Chapter 21
2025-03-20 05:27:09,880 - epub_processor - INFO - Extracted chapter: Chapter 22
2025-03-20 05:27:09,904 - epub_processor - INFO - Extracted chapter: Chapter 23
2025-03-20 05:27:09,924 - epub_processor - INFO - Extracted chapter: Chapter 24
2025-03-20 05:27:09,940 - epub_processor - INFO - Extracted chapter: Chapter 25
2025-03-20 05:27:09,953 - epub_processor - INFO - Extracted chapter: Chapter 26
2025-03-20 05:27:09,969 - epub_processor - INFO - Extracted chapter: Chapter 27
2025-03-20 05:27:09,982 - epub_processor - INFO - Extracted chapter: Chapter 28
2025-03-20 05:27:10,007 - epub_processor - INFO - Extracted chapter: Chapter 29
2025-03-20 05:27:10,028 - epub_processor - INFO - Extracted chapter: Chapter 30
2025-03-20 05:27:10,045 - epub_processor - INFO - Extracted chapter: Chapter 31
2025-03-20 05:27:10,059 - epub_processor - INFO - Extracted chapter: Chapter 32
2025-03-20 05:27:10,078 - epub_processor - INFO - Extracted chapter: Chapter 33
2025-03-20 05:27:10,091 - epub_processor - INFO - Extracted chapter: Chapter 34
2025-03-20 05:27:10,109 - epub_processor - INFO - Extracted chapter: Chapter 35
2025-03-20 05:27:10,125 - epub_processor - INFO - Extracted chapter: Chapter 36
2025-03-20 05:27:10,143 - epub_processor - INFO - Extracted chapter: Chapter 37
2025-03-20 05:27:10,157 - epub_processor - INFO - Extracted chapter: Chapter 38
2025-03-20 05:27:10,169 - epub_processor - INFO - Extracted chapter: Chapter 39
2025-03-20 05:27:10,182 - epub_processor - INFO - Extracted chapter: Chapter 40
2025-03-20 05:27:10,198 - epub_processor - INFO - Extracted chapter: Chapter 41
2025-03-20 05:27:10,216 - epub_processor - INFO - Extracted chapter: Chapter 42
2025-03-20 05:27:10,242 - epub_processor - INFO - Extracted chapter: Chapter 43
2025-03-20 05:27:10,256 - epub_processor - INFO - Extracted chapter: Chapter 44
2025-03-20 05:27:10,281 - epub_processor - INFO - Extracted chapter: Chapter 45
2025-03-20 05:27:10,296 - epub_processor - INFO - Extracted chapter: Chapter 46
2025-03-20 05:27:10,314 - epub_processor - INFO - Extracted chapter: Chapter 47
2025-03-20 05:27:10,330 - epub_processor - INFO - Extracted chapter: Chapter 48
2025-03-20 05:27:10,361 - epub_processor - INFO - Extracted chapter: Chapter 49
2025-03-20 05:27:10,378 - epub_processor - INFO - Extracted chapter: Chapter 50
2025-03-20 05:27:10,404 - epub_processor - INFO - Extracted chapter: Chapter 51
2025-03-20 05:27:10,421 - epub_processor - INFO - Extracted chapter: Chapter 52
2025-03-20 05:27:10,453 - epub_processor - INFO - Extracted chapter: Chapter 53
2025-03-20 05:27:10,472 - epub_processor - INFO - Extracted chapter: Chapter 54
2025-03-20 05:27:10,500 - epub_processor - INFO - Extracted chapter: Chapter 55
2025-03-20 05:27:10,524 - epub_processor - INFO - Extracted chapter: Chapter 56
2025-03-20 05:27:10,544 - epub_processor - INFO - Extracted chapter: Chapter 57
2025-03-20 05:27:10,567 - epub_processor - INFO - Extracted chapter: Chapter 58
2025-03-20 05:27:10,596 - epub_processor - INFO - Extracted chapter: Chapter 59
2025-03-20 05:27:10,619 - epub_processor - INFO - Extracted chapter: Chapter 60
2025-03-20 05:27:10,645 - epub_processor - INFO - Extracted chapter: Chapter 61
2025-03-20 05:27:10,660 - epub_processor - INFO - Extracted chapter: Chapter 62
2025-03-20 05:27:10,685 - epub_processor - INFO - Extracted chapter: Chapter 63
2025-03-20 05:27:10,704 - epub_processor - INFO - Extracted chapter: Chapter 64
2025-03-20 05:27:10,735 - epub_processor - INFO - Extracted chapter: Chapter 65
2025-03-20 05:27:10,750 - epub_processor - INFO - Extracted chapter: Chapter 66
2025-03-20 05:27:10,767 - epub_processor - INFO - Extracted chapter: Chapter 67
2025-03-20 05:27:10,788 - epub_processor - INFO - Extracted chapter: Chapter 68
2025-03-20 05:27:10,817 - epub_processor - INFO - Extracted chapter: Chapter 69
2025-03-20 05:27:10,838 - epub_processor - INFO - Extracted chapter: Chapter 70
2025-03-20 05:27:10,857 - epub_processor - INFO - Extracted chapter: Chapter 71
2025-03-20 05:27:10,878 - epub_processor - INFO - Extracted chapter: Chapter 72
2025-03-20 05:27:10,893 - epub_processor - INFO - Extracted chapter: Chapter 73
2025-03-20 05:27:10,910 - epub_processor - INFO - Extracted chapter: Chapter 74
2025-03-20 05:27:10,927 - epub_processor - INFO - Extracted chapter: Chapter 75
2025-03-20 05:27:10,941 - epub_processor - INFO - Extracted chapter: Chapter 76
2025-03-20 05:27:10,958 - epub_processor - INFO - Extracted chapter: Chapter 77
2025-03-20 05:27:10,982 - epub_processor - INFO - Extracted chapter: Chapter 78
2025-03-20 05:27:11,000 - epub_processor - INFO - Extracted chapter: Chapter 79
2025-03-20 05:27:11,025 - epub_processor - INFO - Extracted chapter: Chapter 80
2025-03-20 05:27:11,046 - epub_processor - INFO - Extracted chapter: Chapter 81
2025-03-20 05:27:11,063 - epub_processor - INFO - Extracted chapter: Chapter 82
2025-03-20 05:27:11,115 - epub_processor - INFO - Saved 82 chapters for silmarillion to processing\epub_content\silmarillion
2025-03-20 05:27:11,116 - epub_processor - INFO - Processing complete. Successful: 3, Failed: 0
2025-03-20 05:27:11,117 - epub_processor - INFO - Processing report saved to processing\epub_content\processing_report.json
2025-03-20 05:27:11,118 - checkpoint_manager - INFO - Saved checkpoint for epub_processing to processing\checkpoints\epub_processing_20250320_052711.json
2025-03-20 05:27:11,118 - main - INFO - Processing complete.
2025-03-20 05:27:11,118 - main - INFO - Successful: 3 files
2025-03-20 05:27:11,118 - main - INFO - Failed: 0 files
